timeStamp,elapsed,label,responseCode,responseMessage,threadName,dataType,success,failureMessage,bytes,sentBytes,grpThreads,allThreads,URL,Latency,IdleTime,Connect
1.78483E+12,1869,HTTP Request- ECommerce,200,OK,Thread Group 1-1,text,TRUE,,17448,372,2,2,https://www.walmart.com/blocked?url=L2NwL2Rvcm0tcm9vbS1lc3NlbnRpYWxzLzEyMjUyMjk=&uuid=a2952b61-86c3-11f1-8ca1-5db0f5a2e642&vid=&g=b,1671,0,1017
1.78483E+12,1674,HTTP Request- ECommerce-0,307,Temporary Redirect,Thread Group 1-1,text,TRUE,,1506,148,2,2,https://www.walmart.com/cp/dorm-room-essentials/1225229,1671,0,1017
1.78483E+12,192,HTTP Request- ECommerce-1,200,OK,Thread Group 1-1,text,TRUE,,15942,224,2,2,https://www.walmart.com/blocked?url=L2NwL2Rvcm0tcm9vbS1lc3NlbnRpYWxzLzEyMjUyMjk=&uuid=a2952b61-86c3-11f1-8ca1-5db0f5a2e642&vid=&g=b,192,0,0
1.78483E+12,805,HTTP Request- ECommerce,200,OK,Thread Group 1-2,text,TRUE,,17445,372,2,2,https://www.walmart.com/blocked?url=L2NwL2Rvcm0tcm9vbS1lc3NlbnRpYWxzLzEyMjUyMjk=&uuid=a2d5964b-86c3-11f1-a20b-83bb1239deb3&vid=&g=b,697,0,202
1.78483E+12,697,HTTP Request- ECommerce-0,307,Temporary Redirect,Thread Group 1-2,text,TRUE,,1505,148,2,2,https://www.walmart.com/cp/dorm-room-essentials/1225229,697,0,202
1.78483E+12,107,HTTP Request- ECommerce-1,200,OK,Thread Group 1-2,text,TRUE,,15940,224,2,2,https://www.walmart.com/blocked?url=L2NwL2Rvcm0tcm9vbS1lc3NlbnRpYWxzLzEyMjUyMjk=&uuid=a2d5964b-86c3-11f1-a20b-83bb1239deb3&vid=&g=b,107,0,0
1.78483E+12,706,HTTP Request- ECommerce,200,OK,Thread Group 1-1,text,TRUE,,17445,372,2,2,https://www.walmart.com/blocked?url=L2NwL2Rvcm0tcm9vbS1lc3NlbnRpYWxzLzEyMjUyMjk=&uuid=a31230b8-86c3-11f1-9539-2a2ecab5da3b&vid=&g=b,501,0,0
1.78483E+12,502,HTTP Request- ECommerce-0,307,Temporary Redirect,Thread Group 1-1,text,TRUE,,1504,148,2,2,https://www.walmart.com/cp/dorm-room-essentials/1225229,501,0,0
1.78483E+12,204,HTTP Request- ECommerce-1,200,OK,Thread Group 1-1,text,TRUE,,15941,224,2,2,https://www.walmart.com/blocked?url=L2NwL2Rvcm0tcm9vbS1lc3NlbnRpYWxzLzEyMjUyMjk=&uuid=a31230b8-86c3-11f1-9539-2a2ecab5da3b&vid=&g=b,204,0,0
1.78483E+12,679,HTTP Request- ECommerce,200,OK,Thread Group 1-2,text,TRUE,,17445,372,3,3,https://www.walmart.com/blocked?url=L2NwL2Rvcm0tcm9vbS1lc3NlbnRpYWxzLzEyMjUyMjk=&uuid=a33131b6-86c3-11f1-a42a-c1f06394ccde&vid=&g=b,528,0,0
1.78483E+12,528,HTTP Request- ECommerce-0,307,Temporary Redirect,Thread Group 1-2,text,TRUE,,1503,148,3,3,https://www.walmart.com/cp/dorm-room-essentials/1225229,528,0,0
1.78483E+12,150,HTTP Request- ECommerce-1,200,OK,Thread Group 1-2,text,TRUE,,15942,224,3,3,https://www.walmart.com/blocked?url=L2NwL2Rvcm0tcm9vbS1lc3NlbnRpYWxzLzEyMjUyMjk=&uuid=a33131b6-86c3-11f1-a42a-c1f06394ccde&vid=&g=b,150,0,0
1.78483E+12,633,HTTP Request- ECommerce,200,OK,Thread Group 1-1,text,TRUE,,17446,372,3,3,https://www.walmart.com/blocked?url=L2NwL2Rvcm0tcm9vbS1lc3NlbnRpYWxzLzEyMjUyMjk=&uuid=a3821e0e-86c3-11f1-8415-9d40ddde3e5f&vid=&g=b,516,0,0
1.78483E+12,517,HTTP Request- ECommerce-0,307,Temporary Redirect,Thread Group 1-1,text,TRUE,,1504,148,3,3,https://www.walmart.com/cp/dorm-room-essentials/1225229,516,0,0
1.78483E+12,116,HTTP Request- ECommerce-1,200,OK,Thread Group 1-1,text,TRUE,,15942,224,3,3,https://www.walmart.com/blocked?url=L2NwL2Rvcm0tcm9vbS1lc3NlbnRpYWxzLzEyMjUyMjk=&uuid=a3821e0e-86c3-11f1-8415-9d40ddde3e5f&vid=&g=b,116,0,0
1.78483E+12,667,HTTP Request- ECommerce,200,OK,Thread Group 1-2,text,TRUE,,17445,372,3,3,https://www.walmart.com/blocked?url=L2NwL2Rvcm0tcm9vbS1lc3NlbnRpYWxzLzEyMjUyMjk=&uuid=a39b9399-86c3-11f1-97c2-d66e09638823&vid=&g=b,542,0,0
1.78483E+12,542,HTTP Request- ECommerce-0,307,Temporary Redirect,Thread Group 1-2,text,TRUE,,1503,148,3,3,https://www.walmart.com/cp/dorm-room-essentials/1225229,542,0,0
1.78483E+12,125,HTTP Request- ECommerce-1,200,OK,Thread Group 1-2,text,TRUE,,15942,224,3,3,https://www.walmart.com/blocked?url=L2NwL2Rvcm0tcm9vbS1lc3NlbnRpYWxzLzEyMjUyMjk=&uuid=a39b9399-86c3-11f1-97c2-d66e09638823&vid=&g=b,125,0,0
1.78483E+12,807,HTTP Request- ECommerce,200,OK,Thread Group 1-3,text,TRUE,,17445,372,3,3,https://www.walmart.com/blocked?url=L2NwL2Rvcm0tcm9vbS1lc3NlbnRpYWxzLzEyMjUyMjk=&uuid=a3b5c65e-86c3-11f1-bc93-f6a38a2f8cf3&vid=&g=b,705,0,203
1.78483E+12,705,HTTP Request- ECommerce-0,307,Temporary Redirect,Thread Group 1-3,text,TRUE,,1505,148,3,3,https://www.walmart.com/cp/dorm-room-essentials/1225229,705,0,203
1.78483E+12,102,HTTP Request- ECommerce-1,200,OK,Thread Group 1-3,text,TRUE,,15940,224,3,3,https://www.walmart.com/blocked?url=L2NwL2Rvcm0tcm9vbS1lc3NlbnRpYWxzLzEyMjUyMjk=&uuid=a3b5c65e-86c3-11f1-bc93-f6a38a2f8cf3&vid=&g=b,101,0,0
1.78483E+12,694,HTTP Request- ECommerce,200,OK,Thread Group 1-1,text,TRUE,,17446,372,3,3,https://www.walmart.com/blocked?url=L2NwL2Rvcm0tcm9vbS1lc3NlbnRpYWxzLzEyMjUyMjk=&uuid=a3e3e7ea-86c3-11f1-82a0-f07e600f4f75&vid=&g=b,588,0,0
1.78483E+12,588,HTTP Request- ECommerce-0,307,Temporary Redirect,Thread Group 1-1,text,TRUE,,1504,148,3,3,https://www.walmart.com/cp/dorm-room-essentials/1225229,588,0,0
1.78483E+12,106,HTTP Request- ECommerce-1,200,OK,Thread Group 1-1,text,TRUE,,15942,224,3,3,https://www.walmart.com/blocked?url=L2NwL2Rvcm0tcm9vbS1lc3NlbnRpYWxzLzEyMjUyMjk=&uuid=a3e3e7ea-86c3-11f1-82a0-f07e600f4f75&vid=&g=b,106,0,0
1.78483E+12,698,HTTP Request- ECommerce,200,OK,Thread Group 1-2,text,TRUE,,17444,372,3,3,https://www.walmart.com/blocked?url=L2NwL2Rvcm0tcm9vbS1lc3NlbnRpYWxzLzEyMjUyMjk=&uuid=a40788c2-86c3-11f1-a89d-ce10fb54f315&vid=&g=b,590,0,0
1.78483E+12,590,HTTP Request- ECommerce-0,307,Temporary Redirect,Thread Group 1-2,text,TRUE,,1503,148,3,3,https://www.walmart.com/cp/dorm-room-essentials/1225229,590,0,0
1.78483E+12,107,HTTP Request- ECommerce-1,200,OK,Thread Group 1-2,text,TRUE,,15941,224,3,3,https://www.walmart.com/blocked?url=L2NwL2Rvcm0tcm9vbS1lc3NlbnRpYWxzLzEyMjUyMjk=&uuid=a40788c2-86c3-11f1-a89d-ce10fb54f315&vid=&g=b,107,0,0
1.78483E+12,716,HTTP Request- ECommerce,200,OK,Thread Group 1-3,text,TRUE,,17443,372,4,4,https://www.walmart.com/blocked?url=L2NwL2Rvcm0tcm9vbS1lc3NlbnRpYWxzLzEyMjUyMjk=&uuid=a4126be0-86c3-11f1-af1c-c055ab89b173&vid=&g=b,611,0,0
1.78483E+12,611,HTTP Request- ECommerce-0,307,Temporary Redirect,Thread Group 1-3,text,TRUE,,1503,148,4,4,https://www.walmart.com/cp/dorm-room-essentials/1225229,611,0,0
1.78483E+12,104,HTTP Request- ECommerce-1,200,OK,Thread Group 1-3,text,TRUE,,15940,224,4,4,https://www.walmart.com/blocked?url=L2NwL2Rvcm0tcm9vbS1lc3NlbnRpYWxzLzEyMjUyMjk=&uuid=a4126be0-86c3-11f1-af1c-c055ab89b173&vid=&g=b,104,0,0
1.78483E+12,614,HTTP Request- ECommerce,200,OK,Thread Group 1-1,text,TRUE,,17447,372,4,4,https://www.walmart.com/blocked?url=L2NwL2Rvcm0tcm9vbS1lc3NlbnRpYWxzLzEyMjUyMjk=&uuid=a44a698f-86c3-11f1-a830-6d2f3abb6b7a&vid=&g=b,507,0,0
1.78483E+12,507,HTTP Request- ECommerce-0,307,Temporary Redirect,Thread Group 1-1,text,TRUE,,1504,148,4,4,https://www.walmart.com/cp/dorm-room-essentials/1225229,507,0,0
1.78483E+12,106,HTTP Request- ECommerce-1,200,OK,Thread Group 1-1,text,TRUE,,15943,224,4,4,https://www.walmart.com/blocked?url=L2NwL2Rvcm0tcm9vbS1lc3NlbnRpYWxzLzEyMjUyMjk=&uuid=a44a698f-86c3-11f1-a830-6d2f3abb6b7a&vid=&g=b,106,0,0
1.78483E+12,622,HTTP Request- ECommerce,200,OK,Thread Group 1-2,text,TRUE,,17443,372,4,4,https://www.walmart.com/blocked?url=L2NwL2Rvcm0tcm9vbS1lc3NlbnRpYWxzLzEyMjUyMjk=&uuid=a467c211-86c3-11f1-bf22-f6a38a2f8cf3&vid=&g=b,506,0,0
1.78483E+12,506,HTTP Request- ECommerce-0,307,Temporary Redirect,Thread Group 1-2,text,TRUE,,1503,148,4,4,https://www.walmart.com/cp/dorm-room-essentials/1225229,506,0,0
1.78483E+12,115,HTTP Request- ECommerce-1,200,OK,Thread Group 1-2,text,TRUE,,15940,224,4,4,https://www.walmart.com/blocked?url=L2NwL2Rvcm0tcm9vbS1lc3NlbnRpYWxzLzEyMjUyMjk=&uuid=a467c211-86c3-11f1-bf22-f6a38a2f8cf3&vid=&g=b,115,0,0
1.78483E+12,612,HTTP Request- ECommerce,200,OK,Thread Group 1-3,text,TRUE,,17443,372,4,4,https://www.walmart.com/blocked?url=L2NwL2Rvcm0tcm9vbS1lc3NlbnRpYWxzLzEyMjUyMjk=&uuid=a477c174-86c3-11f1-818f-c2ce2f8afebb&vid=&g=b,522,0,0
1.78483E+12,522,HTTP Request- ECommerce-0,307,Temporary Redirect,Thread Group 1-3,text,TRUE,,1503,148,4,4,https://www.walmart.com/cp/dorm-room-essentials/1225229,522,0,0
1.78483E+12,89,HTTP Request- ECommerce-1,200,OK,Thread Group 1-3,text,TRUE,,15940,224,4,4,https://www.walmart.com/blocked?url=L2NwL2Rvcm0tcm9vbS1lc3NlbnRpYWxzLzEyMjUyMjk=&uuid=a477c174-86c3-11f1-818f-c2ce2f8afebb&vid=&g=b,89,0,0
1.78483E+12,811,HTTP Request- ECommerce,200,OK,Thread Group 1-4,text,TRUE,,17446,372,4,4,https://www.walmart.com/blocked?url=L2NwL2Rvcm0tcm9vbS1lc3NlbnRpYWxzLzEyMjUyMjk=&uuid=a48a2130-86c3-11f1-aa7f-ce10fb54f315&vid=&g=b,708,0,206
1.78483E+12,708,HTTP Request- ECommerce-0,307,Temporary Redirect,Thread Group 1-4,text,TRUE,,1505,148,4,4,https://www.walmart.com/cp/dorm-room-essentials/1225229,708,0,206
1.78483E+12,103,HTTP Request- ECommerce-1,200,OK,Thread Group 1-4,text,TRUE,,15941,224,4,4,https://www.walmart.com/blocked?url=L2NwL2Rvcm0tcm9vbS1lc3NlbnRpYWxzLzEyMjUyMjk=&uuid=a48a2130-86c3-11f1-aa7f-ce10fb54f315&vid=&g=b,103,0,0
1.78483E+12,614,HTTP Request- ECommerce,200,OK,Thread Group 1-1,text,TRUE,,17446,372,4,4,https://www.walmart.com/blocked?url=L2NwL2Rvcm0tcm9vbS1lc3NlbnRpYWxzLzEyMjUyMjk=&uuid=a4a5356a-86c3-11f1-9504-5e177ba07a54&vid=&g=b,507,0,0
1.78483E+12,507,HTTP Request- ECommerce-0,307,Temporary Redirect,Thread Group 1-1,text,TRUE,,1504,148,4,4,https://www.walmart.com/cp/dorm-room-essentials/1225229,507,0,0
1.78483E+12,108,HTTP Request- ECommerce-1,200,OK,Thread Group 1-1,text,TRUE,,15942,224,4,4,https://www.walmart.com/blocked?url=L2NwL2Rvcm0tcm9vbS1lc3NlbnRpYWxzLzEyMjUyMjk=&uuid=a4a5356a-86c3-11f1-9504-5e177ba07a54&vid=&g=b,108,0,0
1.78483E+12,614,HTTP Request- ECommerce,200,OK,Thread Group 1-4,text,TRUE,,17443,372,5,5,https://www.walmart.com/blocked?url=L2NwL2Rvcm0tcm9vbS1lc3NlbnRpYWxzLzEyMjUyMjk=&uuid=a4e59deb-86c3-11f1-80e4-f6a38a2f8cf3&vid=&g=b,513,0,0
1.78483E+12,513,HTTP Request- ECommerce-0,307,Temporary Redirect,Thread Group 1-4,text,TRUE,,1503,148,5,5,https://www.walmart.com/cp/dorm-room-essentials/1225229,513,0,0
1.78483E+12,100,HTTP Request- ECommerce-1,200,OK,Thread Group 1-4,text,TRUE,,15940,224,5,5,https://www.walmart.com/blocked?url=L2NwL2Rvcm0tcm9vbS1lc3NlbnRpYWxzLzEyMjUyMjk=&uuid=a4e59deb-86c3-11f1-80e4-f6a38a2f8cf3&vid=&g=b,100,0,0
1.78483E+12,717,HTTP Request- ECommerce,200,OK,Thread Group 1-3,text,TRUE,,17445,372,5,5,https://www.walmart.com/blocked?url=L2NwL2Rvcm0tcm9vbS1lc3NlbnRpYWxzLzEyMjUyMjk=&uuid=a4d61862-86c3-11f1-82e2-c2ce2f8afebb&vid=&g=b,525,0,0
1.78483E+12,525,HTTP Request- ECommerce-0,307,Temporary Redirect,Thread Group 1-3,text,TRUE,,1503,148,5,5,https://www.walmart.com/cp/dorm-room-essentials/1225229,525,0,0
1.78483E+12,192,HTTP Request- ECommerce-1,200,OK,Thread Group 1-3,text,TRUE,,15942,224,5,5,https://www.walmart.com/blocked?url=L2NwL2Rvcm0tcm9vbS1lc3NlbnRpYWxzLzEyMjUyMjk=&uuid=a4d61862-86c3-11f1-82e2-c2ce2f8afebb&vid=&g=b,192,0,0
1.78483E+12,593,HTTP Request- ECommerce,200,OK,Thread Group 1-1,text,TRUE,,17445,372,5,5,https://www.walmart.com/blocked?url=L2NwL2Rvcm0tcm9vbS1lc3NlbnRpYWxzLzEyMjUyMjk=&uuid=a506940b-86c3-11f1-aa49-6d2f3abb6b7a&vid=&g=b,506,0,0
1.78483E+12,507,HTTP Request- ECommerce-0,307,Temporary Redirect,Thread Group 1-1,text,TRUE,,1504,148,5,5,https://www.walmart.com/cp/dorm-room-essentials/1225229,506,0,0
1.78483E+12,83,HTTP Request- ECommerce-1,200,OK,Thread Group 1-1,text,TRUE,,15941,224,5,5,https://www.walmart.com/blocked?url=L2NwL2Rvcm0tcm9vbS1lc3NlbnRpYWxzLzEyMjUyMjk=&uuid=a506940b-86c3-11f1-aa49-6d2f3abb6b7a&vid=&g=b,83,0,0
1.78483E+12,1033,HTTP Request- ECommerce,200,OK,Thread Group 1-2,text,TRUE,,17444,372,5,5,https://www.walmart.com/blocked?url=L2NwL2Rvcm0tcm9vbS1lc3NlbnRpYWxzLzEyMjUyMjk=&uuid=a51195af-86c3-11f1-aa28-83bb1239deb3&vid=&g=b,934,0,0
1.78483E+12,934,HTTP Request- ECommerce-0,307,Temporary Redirect,Thread Group 1-2,text,TRUE,,1503,148,5,5,https://www.walmart.com/cp/dorm-room-essentials/1225229,934,0,0
1.78483E+12,97,HTTP Request- ECommerce-1,200,OK,Thread Group 1-2,text,TRUE,,15941,224,5,5,https://www.walmart.com/blocked?url=L2NwL2Rvcm0tcm9vbS1lc3NlbnRpYWxzLzEyMjUyMjk=&uuid=a51195af-86c3-11f1-aa28-83bb1239deb3&vid=&g=b,97,0,0
1.78483E+12,615,HTTP Request- ECommerce,200,OK,Thread Group 1-3,text,TRUE,,17443,372,5,5,https://www.walmart.com/blocked?url=L2NwL2Rvcm0tcm9vbS1lc3NlbnRpYWxzLzEyMjUyMjk=&uuid=a5442dcc-86c3-11f1-9490-5db0f5a2e642&vid=&g=b,512,0,0
1.78483E+12,512,HTTP Request- ECommerce-0,307,Temporary Redirect,Thread Group 1-3,text,TRUE,,1503,148,5,5,https://www.walmart.com/cp/dorm-room-essentials/1225229,512,0,0
1.78483E+12,101,HTTP Request- ECommerce-1,200,OK,Thread Group 1-3,text,TRUE,,15940,224,5,5,https://www.walmart.com/blocked?url=L2NwL2Rvcm0tcm9vbS1lc3NlbnRpYWxzLzEyMjUyMjk=&uuid=a5442dcc-86c3-11f1-9490-5db0f5a2e642&vid=&g=b,101,0,0
1.78483E+12,623,HTTP Request- ECommerce,200,OK,Thread Group 1-4,text,TRUE,,17445,372,5,5,https://www.walmart.com/blocked?url=L2NwL2Rvcm0tcm9vbS1lc3NlbnRpYWxzLzEyMjUyMjk=&uuid=a542c1e1-86c3-11f1-a53b-cbf977bc1a3d&vid=&g=b,512,0,0
1.78483E+12,512,HTTP Request- ECommerce-0,307,Temporary Redirect,Thread Group 1-4,text,TRUE,,1503,148,5,5,https://www.walmart.com/cp/dorm-room-essentials/1225229,512,0,0
1.78483E+12,111,HTTP Request- ECommerce-1,200,OK,Thread Group 1-4,text,TRUE,,15942,224,5,5,https://www.walmart.com/blocked?url=L2NwL2Rvcm0tcm9vbS1lc3NlbnRpYWxzLzEyMjUyMjk=&uuid=a542c1e1-86c3-11f1-a53b-cbf977bc1a3d&vid=&g=b,110,0,0
1.78483E+12,529,HTTP Request- ECommerce,200,OK,Thread Group 1-1,text,TRUE,,17444,372,5,5,https://www.walmart.com/blocked?url=L2NwL2Rvcm0tcm9vbS1lc3NlbnRpYWxzLzEyMjUyMjk=&uuid=a55d21f3-86c3-11f1-a015-4ea41c6ab088&vid=&g=b,427,0,0
1.78483E+12,716,HTTP Request- ECommerce,200,OK,Thread Group 1-5,text,TRUE,,17445,372,5,5,https://www.walmart.com/blocked?url=L2NwL2Rvcm0tcm9vbS1lc3NlbnRpYWxzLzEyMjUyMjk=&uuid=a560e409-86c3-11f1-8290-f6a38a2f8cf3&vid=&g=b,637,0,199
1.78483E+12,427,HTTP Request- ECommerce-0,307,Temporary Redirect,Thread Group 1-1,text,TRUE,,1503,148,5,5,https://www.walmart.com/cp/dorm-room-essentials/1225229,427,0,0
1.78483E+12,101,HTTP Request- ECommerce-1,200,OK,Thread Group 1-1,text,TRUE,,15941,224,5,5,https://www.walmart.com/blocked?url=L2NwL2Rvcm0tcm9vbS1lc3NlbnRpYWxzLzEyMjUyMjk=&uuid=a55d21f3-86c3-11f1-a015-4ea41c6ab088&vid=&g=b,101,0,0
1.78483E+12,637,HTTP Request- ECommerce-0,307,Temporary Redirect,Thread Group 1-5,text,TRUE,,1505,148,5,5,https://www.walmart.com/cp/dorm-room-essentials/1225229,637,0,199
1.78483E+12,78,HTTP Request- ECommerce-1,200,OK,Thread Group 1-5,text,TRUE,,15940,224,5,5,https://www.walmart.com/blocked?url=L2NwL2Rvcm0tcm9vbS1lc3NlbnRpYWxzLzEyMjUyMjk=&uuid=a560e409-86c3-11f1-8290-f6a38a2f8cf3&vid=&g=b,78,0,0
1.78483E+12,590,HTTP Request- ECommerce,200,OK,Thread Group 1-2,text,TRUE,,17444,372,5,5,https://www.walmart.com/blocked?url=L2NwL2Rvcm0tcm9vbS1lc3NlbnRpYWxzLzEyMjUyMjk=&uuid=a5645194-86c3-11f1-86fa-f07e600f4f75&vid=&g=b,485,0,0
1.78483E+12,485,HTTP Request- ECommerce-0,307,Temporary Redirect,Thread Group 1-2,text,TRUE,,1503,148,5,5,https://www.walmart.com/cp/dorm-room-essentials/1225229,485,0,0
1.78483E+12,104,HTTP Request- ECommerce-1,200,OK,Thread Group 1-2,text,TRUE,,15941,224,5,5,https://www.walmart.com/blocked?url=L2NwL2Rvcm0tcm9vbS1lc3NlbnRpYWxzLzEyMjUyMjk=&uuid=a5645194-86c3-11f1-86fa-f07e600f4f75&vid=&g=b,104,0,0
1.78483E+12,690,HTTP Request- ECommerce,200,OK,Thread Group 1-3,text,TRUE,,17443,372,5,5,https://www.walmart.com/blocked?url=L2NwL2Rvcm0tcm9vbS1lc3NlbnRpYWxzLzEyMjUyMjk=&uuid=a5a57e49-86c3-11f1-b2b8-7e93591bb36f&vid=&g=b,505,0,0
1.78483E+12,505,HTTP Request- ECommerce-0,307,Temporary Redirect,Thread Group 1-3,text,TRUE,,1503,148,5,5,https://www.walmart.com/cp/dorm-room-essentials/1225229,505,0,0
1.78483E+12,184,HTTP Request- ECommerce-1,200,OK,Thread Group 1-3,text,TRUE,,15940,224,5,5,https://www.walmart.com/blocked?url=L2NwL2Rvcm0tcm9vbS1lc3NlbnRpYWxzLzEyMjUyMjk=&uuid=a5a57e49-86c3-11f1-b2b8-7e93591bb36f&vid=&g=b,184,0,0
1.78483E+12,601,HTTP Request- ECommerce,200,OK,Thread Group 1-1,text,TRUE,,17443,372,5,5,https://www.walmart.com/blocked?url=L2NwL2Rvcm0tcm9vbS1lc3NlbnRpYWxzLzEyMjUyMjk=&uuid=a5afde7a-86c3-11f1-b9f9-43819138ab2d&vid=&g=b,507,0,0
1.78483E+12,507,HTTP Request- ECommerce-0,307,Temporary Redirect,Thread Group 1-1,text,TRUE,,1503,148,5,5,https://www.walmart.com/cp/dorm-room-essentials/1225229,507,0,0
1.78483E+12,94,HTTP Request- ECommerce-1,200,OK,Thread Group 1-1,text,TRUE,,15940,224,5,5,https://www.walmart.com/blocked?url=L2NwL2Rvcm0tcm9vbS1lc3NlbnRpYWxzLzEyMjUyMjk=&uuid=a5afde7a-86c3-11f1-b9f9-43819138ab2d&vid=&g=b,94,0,0
1.78483E+12,614,HTTP Request- ECommerce,200,OK,Thread Group 1-5,text,TRUE,,17443,372,5,5,https://www.walmart.com/blocked?url=L2NwL2Rvcm0tcm9vbS1lc3NlbnRpYWxzLzEyMjUyMjk=&uuid=a5b3119f-86c3-11f1-bf9b-f75fbc103fe6&vid=&g=b,510,0,0
1.78483E+12,510,HTTP Request- ECommerce-0,307,Temporary Redirect,Thread Group 1-5,text,TRUE,,1503,148,5,5,https://www.walmart.com/cp/dorm-room-essentials/1225229,510,0,0
1.78483E+12,104,HTTP Request- ECommerce-1,200,OK,Thread Group 1-5,text,TRUE,,15940,224,5,5,https://www.walmart.com/blocked?url=L2NwL2Rvcm0tcm9vbS1lc3NlbnRpYWxzLzEyMjUyMjk=&uuid=a5b3119f-86c3-11f1-bf9b-f75fbc103fe6&vid=&g=b,104,0,0
1.78483E+12,720,HTTP Request- ECommerce,200,OK,Thread Group 1-4,text,TRUE,,17446,372,5,5,https://www.walmart.com/blocked?url=L2NwL2Rvcm0tcm9vbS1lc3NlbnRpYWxzLzEyMjUyMjk=&uuid=a5a7a468-86c3-11f1-866e-e8cb5b507923&vid=&g=b,601,0,0
1.78483E+12,601,HTTP Request- ECommerce-0,307,Temporary Redirect,Thread Group 1-4,text,TRUE,,1503,148,5,5,https://www.walmart.com/cp/dorm-room-essentials/1225229,601,0,0
1.78483E+12,119,HTTP Request- ECommerce-1,200,OK,Thread Group 1-4,text,TRUE,,15943,224,5,5,https://www.walmart.com/blocked?url=L2NwL2Rvcm0tcm9vbS1lc3NlbnRpYWxzLzEyMjUyMjk=&uuid=a5a7a468-86c3-11f1-866e-e8cb5b507923&vid=&g=b,119,0,0
1.78483E+12,614,HTTP Request- ECommerce,200,OK,Thread Group 1-2,text,TRUE,,17445,372,6,6,https://www.walmart.com/blocked?url=L2NwL2Rvcm0tcm9vbS1lc3NlbnRpYWxzLzEyMjUyMjk=&uuid=a5bf1122-86c3-11f1-8008-36a49ffd4b1b&vid=&g=b,489,0,0
1.78483E+12,489,HTTP Request- ECommerce-0,307,Temporary Redirect,Thread Group 1-2,text,TRUE,,1503,148,6,6,https://www.walmart.com/cp/dorm-room-essentials/1225229,489,0,0
1.78483E+12,124,HTTP Request- ECommerce-1,200,OK,Thread Group 1-2,text,TRUE,,15942,224,6,6,https://www.walmart.com/blocked?url=L2NwL2Rvcm0tcm9vbS1lc3NlbnRpYWxzLzEyMjUyMjk=&uuid=a5bf1122-86c3-11f1-8008-36a49ffd4b1b&vid=&g=b,124,0,0
1.78483E+12,528,HTTP Request- ECommerce,200,OK,Thread Group 1-1,text,TRUE,,17443,372,6,6,https://www.walmart.com/blocked?url=L2NwL2Rvcm0tcm9vbS1lc3NlbnRpYWxzLzEyMjUyMjk=&uuid=a60a5af2-86c3-11f1-ad30-6d2f3abb6b7a&vid=&g=b,419,0,0
1.78483E+12,419,HTTP Request- ECommerce-0,307,Temporary Redirect,Thread Group 1-1,text,TRUE,,1503,148,6,6,https://www.walmart.com/cp/dorm-room-essentials/1225229,419,0,0
1.78483E+12,108,HTTP Request- ECommerce-1,200,OK,Thread Group 1-1,text,TRUE,,15940,224,6,6,https://www.walmart.com/blocked?url=L2NwL2Rvcm0tcm9vbS1lc3NlbnRpYWxzLzEyMjUyMjk=&uuid=a60a5af2-86c3-11f1-ad30-6d2f3abb6b7a&vid=&g=b,108,0,0
1.78483E+12,618,HTTP Request- ECommerce,200,OK,Thread Group 1-5,text,TRUE,,17444,372,6,6,https://www.walmart.com/blocked?url=L2NwL2Rvcm0tcm9vbS1lc3NlbnRpYWxzLzEyMjUyMjk=&uuid=a610a390-86c3-11f1-96df-296df077574e&vid=&g=b,515,0,0
1.78483E+12,515,HTTP Request- ECommerce-0,307,Temporary Redirect,Thread Group 1-5,text,TRUE,,1503,148,6,6,https://www.walmart.com/cp/dorm-room-essentials/1225229,515,0,0
1.78483E+12,102,HTTP Request- ECommerce-1,200,OK,Thread Group 1-5,text,TRUE,,15941,224,6,6,https://www.walmart.com/blocked?url=L2NwL2Rvcm0tcm9vbS1lc3NlbnRpYWxzLzEyMjUyMjk=&uuid=a610a390-86c3-11f1-96df-296df077574e&vid=&g=b,102,0,0
1.78483E+12,644,HTTP Request- ECommerce,200,OK,Thread Group 1-3,text,TRUE,,17445,372,6,6,https://www.walmart.com/blocked?url=L2NwL2Rvcm0tcm9vbS1lc3NlbnRpYWxzLzEyMjUyMjk=&uuid=a60d108d-86c3-11f1-bac0-41d3ffb9ef15&vid=&g=b,530,0,0
1.78483E+12,530,HTTP Request- ECommerce-0,307,Temporary Redirect,Thread Group 1-3,text,TRUE,,1503,148,6,6,https://www.walmart.com/cp/dorm-room-essentials/1225229,530,0,0
1.78483E+12,114,HTTP Request- ECommerce-1,200,OK,Thread Group 1-3,text,TRUE,,15942,224,6,6,https://www.walmart.com/blocked?url=L2NwL2Rvcm0tcm9vbS1lc3NlbnRpYWxzLzEyMjUyMjk=&uuid=a60d108d-86c3-11f1-bac0-41d3ffb9ef15&vid=&g=b,111,0,0
1.78483E+12,628,HTTP Request- ECommerce,200,OK,Thread Group 1-4,text,TRUE,,17446,372,6,6,https://www.walmart.com/blocked?url=L2NwL2Rvcm0tcm9vbS1lc3NlbnRpYWxzLzEyMjUyMjk=&uuid=a61361e0-86c3-11f1-accb-de98f126cfe1&vid=&g=b,504,0,0
1.78483E+12,504,HTTP Request- ECommerce-0,307,Temporary Redirect,Thread Group 1-4,text,TRUE,,1503,148,6,6,https://www.walmart.com/cp/dorm-room-essentials/1225229,504,0,0
1.78483E+12,123,HTTP Request- ECommerce-1,200,OK,Thread Group 1-4,text,TRUE,,15943,224,6,6,https://www.walmart.com/blocked?url=L2NwL2Rvcm0tcm9vbS1lc3NlbnRpYWxzLzEyMjUyMjk=&uuid=a61361e0-86c3-11f1-accb-de98f126cfe1&vid=&g=b,123,0,0
1.78483E+12,612,HTTP Request- ECommerce,200,OK,Thread Group 1-2,text,TRUE,,17444,372,6,6,https://www.walmart.com/blocked?url=L2NwL2Rvcm0tcm9vbS1lc3NlbnRpYWxzLzEyMjUyMjk=&uuid=a61c08f8-86c3-11f1-bb2f-43819138ab2d&vid=&g=b,513,0,0
1.78483E+12,519,HTTP Request- ECommerce-0,307,Temporary Redirect,Thread Group 1-2,text,TRUE,,1503,148,6,6,https://www.walmart.com/cp/dorm-room-essentials/1225229,513,0,0
1.78483E+12,93,HTTP Request- ECommerce-1,200,OK,Thread Group 1-2,text,TRUE,,15941,224,6,6,https://www.walmart.com/blocked?url=L2NwL2Rvcm0tcm9vbS1lc3NlbnRpYWxzLzEyMjUyMjk=&uuid=a61c08f8-86c3-11f1-bb2f-43819138ab2d&vid=&g=b,93,0,0
1.78483E+12,613,HTTP Request- ECommerce,200,OK,Thread Group 1-1,text,TRUE,,17444,372,6,6,https://www.walmart.com/blocked?url=L2NwL2Rvcm0tcm9vbS1lc3NlbnRpYWxzLzEyMjUyMjk=&uuid=a65d2d6a-86c3-11f1-82f5-c34348249eb6&vid=&g=b,443,0,0
1.78483E+12,443,HTTP Request- ECommerce-0,307,Temporary Redirect,Thread Group 1-1,text,TRUE,,1503,148,6,6,https://www.walmart.com/cp/dorm-room-essentials/1225229,443,0,0
1.78483E+12,169,HTTP Request- ECommerce-1,200,OK,Thread Group 1-1,text,TRUE,,15941,224,6,6,https://www.walmart.com/blocked?url=L2NwL2Rvcm0tcm9vbS1lc3NlbnRpYWxzLzEyMjUyMjk=&uuid=a65d2d6a-86c3-11f1-82f5-c34348249eb6&vid=&g=b,169,0,0
1.78483E+12,1041,HTTP Request- ECommerce,200,OK,Thread Group 1-6,text,TRUE,,17450,372,6,6,https://www.walmart.com/blocked?url=L2NwL2Rvcm0tcm9vbS1lc3NlbnRpYWxzLzEyMjUyMjk=&uuid=a646b1f9-86c3-11f1-903b-fdd7fad70126&vid=&g=b,816,0,218
1.78483E+12,816,HTTP Request- ECommerce-0,307,Temporary Redirect,Thread Group 1-6,text,TRUE,,1506,148,6,6,https://www.walmart.com/cp/dorm-room-essentials/1225229,816,0,218
1.78483E+12,225,HTTP Request- ECommerce-1,200,OK,Thread Group 1-6,text,TRUE,,15944,224,6,6,https://www.walmart.com/blocked?url=L2NwL2Rvcm0tcm9vbS1lc3NlbnRpYWxzLzEyMjUyMjk=&uuid=a646b1f9-86c3-11f1-903b-fdd7fad70126&vid=&g=b,225,0,0
1.78483E+12,599,HTTP Request- ECommerce,200,OK,Thread Group 1-5,text,TRUE,,17444,372,6,6,https://www.walmart.com/blocked?url=L2NwL2Rvcm0tcm9vbS1lc3NlbnRpYWxzLzEyMjUyMjk=&uuid=a66fa915-86c3-11f1-b137-ce10fb54f315&vid=&g=b,501,0,0
1.78483E+12,501,HTTP Request- ECommerce-0,307,Temporary Redirect,Thread Group 1-5,text,TRUE,,1503,148,6,6,https://www.walmart.com/cp/dorm-room-essentials/1225229,501,0,0
1.78483E+12,98,HTTP Request- ECommerce-1,200,OK,Thread Group 1-5,text,TRUE,,15941,224,6,6,https://www.walmart.com/blocked?url=L2NwL2Rvcm0tcm9vbS1lc3NlbnRpYWxzLzEyMjUyMjk=&uuid=a66fa915-86c3-11f1-b137-ce10fb54f315&vid=&g=b,98,0,0
1.78483E+12,637,HTTP Request- ECommerce,200,OK,Thread Group 1-3,text,TRUE,,17445,372,6,6,https://www.walmart.com/blocked?url=L2NwL2Rvcm0tcm9vbS1lc3NlbnRpYWxzLzEyMjUyMjk=&uuid=a6703f77-86c3-11f1-933a-59cd8231f25c&vid=&g=b,496,0,0
1.78483E+12,496,HTTP Request- ECommerce-0,307,Temporary Redirect,Thread Group 1-3,text,TRUE,,1503,148,6,6,https://www.walmart.com/cp/dorm-room-essentials/1225229,496,0,0
1.78483E+12,140,HTTP Request- ECommerce-1,200,OK,Thread Group 1-3,text,TRUE,,15942,224,6,6,https://www.walmart.com/blocked?url=L2NwL2Rvcm0tcm9vbS1lc3NlbnRpYWxzLzEyMjUyMjk=&uuid=a6703f77-86c3-11f1-933a-59cd8231f25c&vid=&g=b,140,0,0
1.78483E+12,647,HTTP Request- ECommerce,200,OK,Thread Group 1-4,text,TRUE,,17444,372,6,6,https://www.walmart.com/blocked?url=L2NwL2Rvcm0tcm9vbS1lc3NlbnRpYWxzLzEyMjUyMjk=&uuid=a671dc37-86c3-11f1-a1ed-d66e09638823&vid=&g=b,493,0,0
1.78483E+12,493,HTTP Request- ECommerce-0,307,Temporary Redirect,Thread Group 1-4,text,TRUE,,1503,148,6,6,https://www.walmart.com/cp/dorm-room-essentials/1225229,493,0,0
1.78483E+12,154,HTTP Request- ECommerce-1,200,OK,Thread Group 1-4,text,TRUE,,15941,224,6,6,https://www.walmart.com/blocked?url=L2NwL2Rvcm0tcm9vbS1lc3NlbnRpYWxzLzEyMjUyMjk=&uuid=a671dc37-86c3-11f1-a1ed-d66e09638823&vid=&g=b,154,0,0
1.78483E+12,723,HTTP Request- ECommerce,200,OK,Thread Group 1-2,text,TRUE,,17443,372,6,6,https://www.walmart.com/blocked?url=L2NwL2Rvcm0tcm9vbS1lc3NlbnRpYWxzLzEyMjUyMjk=&uuid=a6847fdb-86c3-11f1-bc1e-41d3ffb9ef15&vid=&g=b,512,0,0
1.78483E+12,512,HTTP Request- ECommerce-0,307,Temporary Redirect,Thread Group 1-2,text,TRUE,,1503,148,6,6,https://www.walmart.com/cp/dorm-room-essentials/1225229,512,0,0
1.78483E+12,210,HTTP Request- ECommerce-1,200,OK,Thread Group 1-2,text,TRUE,,15940,224,6,6,https://www.walmart.com/blocked?url=L2NwL2Rvcm0tcm9vbS1lc3NlbnRpYWxzLzEyMjUyMjk=&uuid=a6847fdb-86c3-11f1-bc1e-41d3ffb9ef15&vid=&g=b,210,0,0
1.78483E+12,608,HTTP Request- ECommerce,200,OK,Thread Group 1-1,text,TRUE,,17443,372,7,7,https://www.walmart.com/blocked?url=L2NwL2Rvcm0tcm9vbS1lc3NlbnRpYWxzLzEyMjUyMjk=&uuid=a6ba6110-86c3-11f1-b5e3-7e93591bb36f&vid=&g=b,500,0,0
1.78483E+12,501,HTTP Request- ECommerce-0,307,Temporary Redirect,Thread Group 1-1,text,TRUE,,1503,148,7,7,https://www.walmart.com/cp/dorm-room-essentials/1225229,500,0,0
1.78483E+12,106,HTTP Request- ECommerce-1,200,OK,Thread Group 1-1,text,TRUE,,15940,224,7,7,https://www.walmart.com/blocked?url=L2NwL2Rvcm0tcm9vbS1lc3NlbnRpYWxzLzEyMjUyMjk=&uuid=a6ba6110-86c3-11f1-b5e3-7e93591bb36f&vid=&g=b,105,0,0
1.78483E+12,634,HTTP Request- ECommerce,200,OK,Thread Group 1-6,text,TRUE,,17446,372,7,7,https://www.walmart.com/blocked?url=L2NwL2Rvcm0tcm9vbS1lc3NlbnRpYWxzLzEyMjUyMjk=&uuid=a6c1221b-86c3-11f1-b0f9-c1f06394ccde&vid=&g=b,513,0,0
1.78483E+12,513,HTTP Request- ECommerce-0,307,Temporary Redirect,Thread Group 1-6,text,TRUE,,1504,148,7,7,https://www.walmart.com/cp/dorm-room-essentials/1225229,513,0,0
1.78483E+12,119,HTTP Request- ECommerce-1,200,OK,Thread Group 1-6,text,TRUE,,15942,224,7,7,https://www.walmart.com/blocked?url=L2NwL2Rvcm0tcm9vbS1lc3NlbnRpYWxzLzEyMjUyMjk=&uuid=a6c1221b-86c3-11f1-b0f9-c1f06394ccde&vid=&g=b,119,0,0
1.78483E+12,718,HTTP Request- ECommerce,200,OK,Thread Group 1-5,text,TRUE,,17444,372,7,7,https://www.walmart.com/blocked?url=L2NwL2Rvcm0tcm9vbS1lc3NlbnRpYWxzLzEyMjUyMjk=&uuid=a6d18579-86c3-11f1-839f-f75fbc103fe6&vid=&g=b,519,0,0
1.78483E+12,519,HTTP Request- ECommerce-0,307,Temporary Redirect,Thread Group 1-5,text,TRUE,,1503,148,7,7,https://www.walmart.com/cp/dorm-room-essentials/1225229,519,0,0
1.78483E+12,198,HTTP Request- ECommerce-1,200,OK,Thread Group 1-5,text,TRUE,,15941,224,7,7,https://www.walmart.com/blocked?url=L2NwL2Rvcm0tcm9vbS1lc3NlbnRpYWxzLzEyMjUyMjk=&uuid=a6d18579-86c3-11f1-839f-f75fbc103fe6&vid=&g=b,198,0,0
1.78483E+12,677,HTTP Request- ECommerce,200,OK,Thread Group 1-3,text,TRUE,,17443,372,7,7,https://www.walmart.com/blocked?url=L2NwL2Rvcm0tcm9vbS1lc3NlbnRpYWxzLzEyMjUyMjk=&uuid=a6d8afb3-86c3-11f1-88cb-75f6a22c2fbc&vid=&g=b,503,0,0
1.78483E+12,503,HTTP Request- ECommerce-0,307,Temporary Redirect,Thread Group 1-3,text,TRUE,,1503,148,7,7,https://www.walmart.com/cp/dorm-room-essentials/1225229,503,0,0
1.78483E+12,173,HTTP Request- ECommerce-1,200,OK,Thread Group 1-3,text,TRUE,,15940,224,7,7,https://www.walmart.com/blocked?url=L2NwL2Rvcm0tcm9vbS1lc3NlbnRpYWxzLzEyMjUyMjk=&uuid=a6d8afb3-86c3-11f1-88cb-75f6a22c2fbc&vid=&g=b,173,0,0
1.78483E+12,656,HTTP Request- ECommerce,200,OK,Thread Group 1-4,text,TRUE,,17443,372,7,7,https://www.walmart.com/blocked?url=L2NwL2Rvcm0tcm9vbS1lc3NlbnRpYWxzLzEyMjUyMjk=&uuid=a6d68e33-86c3-11f1-8361-72e83b9b6109&vid=&g=b,484,0,0
1.78483E+12,484,HTTP Request- ECommerce-0,307,Temporary Redirect,Thread Group 1-4,text,TRUE,,1503,148,7,7,https://www.walmart.com/cp/dorm-room-essentials/1225229,484,0,0
1.78483E+12,171,HTTP Request- ECommerce-1,200,OK,Thread Group 1-4,text,TRUE,,15940,224,7,7,https://www.walmart.com/blocked?url=L2NwL2Rvcm0tcm9vbS1lc3NlbnRpYWxzLzEyMjUyMjk=&uuid=a6d68e33-86c3-11f1-8361-72e83b9b6109&vid=&g=b,170,0,0
1.78483E+12,608,HTTP Request- ECommerce,200,OK,Thread Group 1-2,text,TRUE,,17443,372,7,7,https://www.walmart.com/blocked?url=L2NwL2Rvcm0tcm9vbS1lc3NlbnRpYWxzLzEyMjUyMjk=&uuid=a6e87139-86c3-11f1-a48d-4ea41c6ab088&vid=&g=b,508,0,0
1.78483E+12,508,HTTP Request- ECommerce-0,307,Temporary Redirect,Thread Group 1-2,text,TRUE,,1503,148,7,7,https://www.walmart.com/cp/dorm-room-essentials/1225229,508,0,0
1.78483E+12,100,HTTP Request- ECommerce-1,200,OK,Thread Group 1-2,text,TRUE,,15940,224,7,7,https://www.walmart.com/blocked?url=L2NwL2Rvcm0tcm9vbS1lc3NlbnRpYWxzLzEyMjUyMjk=&uuid=a6e87139-86c3-11f1-a48d-4ea41c6ab088&vid=&g=b,100,0,0
1.78483E+12,620,HTTP Request- ECommerce,200,OK,Thread Group 1-1,text,TRUE,,17443,372,7,7,https://www.walmart.com/blocked?url=L2NwL2Rvcm0tcm9vbS1lc3NlbnRpYWxzLzEyMjUyMjk=&uuid=a71d6c6f-86c3-11f1-8515-c34348249eb6&vid=&g=b,505,0,0
1.78483E+12,506,HTTP Request- ECommerce-0,307,Temporary Redirect,Thread Group 1-1,text,TRUE,,1503,148,7,7,https://www.walmart.com/cp/dorm-room-essentials/1225229,505,0,0
1.78483E+12,114,HTTP Request- ECommerce-1,200,OK,Thread Group 1-1,text,TRUE,,15940,224,7,7,https://www.walmart.com/blocked?url=L2NwL2Rvcm0tcm9vbS1lc3NlbnRpYWxzLzEyMjUyMjk=&uuid=a71d6c6f-86c3-11f1-8515-c34348249eb6&vid=&g=b,114,0,0
1.78483E+12,930,HTTP Request- ECommerce,200,OK,Thread Group 1-7,text,TRUE,,17448,372,7,7,https://www.walmart.com/blocked?url=L2NwL2Rvcm0tcm9vbS1lc3NlbnRpYWxzLzEyMjUyMjk=&uuid=a725aa27-86c3-11f1-899e-75f6a22c2fbc&vid=&g=b,824,0,223
1.78483E+12,824,HTTP Request- ECommerce-0,307,Temporary Redirect,Thread Group 1-7,text,TRUE,,1506,148,7,7,https://www.walmart.com/cp/dorm-room-essentials/1225229,824,0,223
1.78483E+12,106,HTTP Request- ECommerce-1,200,OK,Thread Group 1-7,text,TRUE,,15942,224,7,7,https://www.walmart.com/blocked?url=L2NwL2Rvcm0tcm9vbS1lc3NlbnRpYWxzLzEyMjUyMjk=&uuid=a725aa27-86c3-11f1-899e-75f6a22c2fbc&vid=&g=b,106,0,0
1.78483E+12,685,HTTP Request- ECommerce,200,OK,Thread Group 1-6,text,TRUE,,17443,372,7,7,https://www.walmart.com/blocked?url=L2NwL2Rvcm0tcm9vbS1lc3NlbnRpYWxzLzEyMjUyMjk=&uuid=a726d984-86c3-11f1-b12c-895f56b03670&vid=&g=b,578,0,0
1.78483E+12,578,HTTP Request- ECommerce-0,307,Temporary Redirect,Thread Group 1-6,text,TRUE,,1503,148,7,7,https://www.walmart.com/cp/dorm-room-essentials/1225229,578,0,0
1.78483E+12,106,HTTP Request- ECommerce-1,200,OK,Thread Group 1-6,text,TRUE,,15940,224,7,7,https://www.walmart.com/blocked?url=L2NwL2Rvcm0tcm9vbS1lc3NlbnRpYWxzLzEyMjUyMjk=&uuid=a726d984-86c3-11f1-b12c-895f56b03670&vid=&g=b,106,0,0
1.78483E+12,615,HTTP Request- ECommerce,200,OK,Thread Group 1-5,text,TRUE,,17444,372,7,7,https://www.walmart.com/blocked?url=L2NwL2Rvcm0tcm9vbS1lc3NlbnRpYWxzLzEyMjUyMjk=&uuid=a73ad611-86c3-11f1-bafb-3deb15f379a7&vid=&g=b,509,0,0
1.78483E+12,509,HTTP Request- ECommerce-0,307,Temporary Redirect,Thread Group 1-5,text,TRUE,,1503,148,7,7,https://www.walmart.com/cp/dorm-room-essentials/1225229,509,0,0
1.78483E+12,105,HTTP Request- ECommerce-1,200,OK,Thread Group 1-5,text,TRUE,,15941,224,7,7,https://www.walmart.com/blocked?url=L2NwL2Rvcm0tcm9vbS1lc3NlbnRpYWxzLzEyMjUyMjk=&uuid=a73ad611-86c3-11f1-bafb-3deb15f379a7&vid=&g=b,105,0,0
1.78483E+12,619,HTTP Request- ECommerce,200,OK,Thread Group 1-4,text,TRUE,,17443,372,7,7,https://www.walmart.com/blocked?url=L2NwL2Rvcm0tcm9vbS1lc3NlbnRpYWxzLzEyMjUyMjk=&uuid=a73e2655-86c3-11f1-84c8-72e83b9b6109&vid=&g=b,508,0,0
1.78483E+12,508,HTTP Request- ECommerce-0,307,Temporary Redirect,Thread Group 1-4,text,TRUE,,1503,148,7,7,https://www.walmart.com/cp/dorm-room-essentials/1225229,508,0,0
1.78483E+12,110,HTTP Request- ECommerce-1,200,OK,Thread Group 1-4,text,TRUE,,15940,224,7,7,https://www.walmart.com/blocked?url=L2NwL2Rvcm0tcm9vbS1lc3NlbnRpYWxzLzEyMjUyMjk=&uuid=a73e2655-86c3-11f1-84c8-72e83b9b6109&vid=&g=b,110,0,0
1.78483E+12,716,HTTP Request- ECommerce,200,OK,Thread Group 1-2,text,TRUE,,17445,372,7,7,https://www.walmart.com/blocked?url=L2NwL2Rvcm0tcm9vbS1lc3NlbnRpYWxzLzEyMjUyMjk=&uuid=a74cb36a-86c3-11f1-be9b-43819138ab2d&vid=&g=b,511,0,0
1.78483E+12,511,HTTP Request- ECommerce-0,307,Temporary Redirect,Thread Group 1-2,text,TRUE,,1503,148,7,7,https://www.walmart.com/cp/dorm-room-essentials/1225229,511,0,0
1.78483E+12,204,HTTP Request- ECommerce-1,200,OK,Thread Group 1-2,text,TRUE,,15942,224,7,7,https://www.walmart.com/blocked?url=L2NwL2Rvcm0tcm9vbS1lc3NlbnRpYWxzLzEyMjUyMjk=&uuid=a74cb36a-86c3-11f1-be9b-43819138ab2d&vid=&g=b,204,0,0
1.78483E+12,824,HTTP Request- ECommerce,200,OK,Thread Group 1-3,text,TRUE,,17446,372,7,7,https://www.walmart.com/blocked?url=L2NwL2Rvcm0tcm9vbS1lc3NlbnRpYWxzLzEyMjUyMjk=&uuid=a749f76b-86c3-11f1-8a04-75f6a22c2fbc&vid=&g=b,607,0,0
1.78483E+12,607,HTTP Request- ECommerce-0,307,Temporary Redirect,Thread Group 1-3,text,TRUE,,1503,148,7,7,https://www.walmart.com/cp/dorm-room-essentials/1225229,607,0,0
1.78483E+12,216,HTTP Request- ECommerce-1,200,OK,Thread Group 1-3,text,TRUE,,15943,224,7,7,https://www.walmart.com/blocked?url=L2NwL2Rvcm0tcm9vbS1lc3NlbnRpYWxzLzEyMjUyMjk=&uuid=a749f76b-86c3-11f1-8a04-75f6a22c2fbc&vid=&g=b,216,0,0
1.78483E+12,502,HTTP Request- ECommerce,200,OK,Thread Group 1-1,text,TRUE,,17443,372,7,7,https://www.walmart.com/blocked?url=L2NwL2Rvcm0tcm9vbS1lc3NlbnRpYWxzLzEyMjUyMjk=&uuid=a7723533-86c3-11f1-9611-59cd8231f25c&vid=&g=b,408,0,0
1.78483E+12,408,HTTP Request- ECommerce-0,307,Temporary Redirect,Thread Group 1-1,text,TRUE,,1503,148,7,7,https://www.walmart.com/cp/dorm-room-essentials/1225229,408,0,0
1.78483E+12,94,HTTP Request- ECommerce-1,200,OK,Thread Group 1-1,text,TRUE,,15940,224,7,7,https://www.walmart.com/blocked?url=L2NwL2Rvcm0tcm9vbS1lc3NlbnRpYWxzLzEyMjUyMjk=&uuid=a7723533-86c3-11f1-9611-59cd8231f25c&vid=&g=b,94,0,0
1.78483E+12,716,HTTP Request- ECommerce,200,OK,Thread Group 1-6,text,TRUE,,17443,372,7,7,https://www.walmart.com/blocked?url=L2NwL2Rvcm0tcm9vbS1lc3NlbnRpYWxzLzEyMjUyMjk=&uuid=a78e776c-86c3-11f1-898b-a1eea7b17e31&vid=&g=b,541,0,0
1.78483E+12,541,HTTP Request- ECommerce-0,307,Temporary Redirect,Thread Group 1-6,text,TRUE,,1503,148,7,7,https://www.walmart.com/cp/dorm-room-essentials/1225229,541,0,0
1.78483E+12,175,HTTP Request- ECommerce-1,200,OK,Thread Group 1-6,text,TRUE,,15940,224,7,7,https://www.walmart.com/blocked?url=L2NwL2Rvcm0tcm9vbS1lc3NlbnRpYWxzLzEyMjUyMjk=&uuid=a78e776c-86c3-11f1-898b-a1eea7b17e31&vid=&g=b,175,0,0
1.78483E+12,623,HTTP Request- ECommerce,200,OK,Thread Group 1-5,text,TRUE,,17443,372,7,7,https://www.walmart.com/blocked?url=L2NwL2Rvcm0tcm9vbS1lc3NlbnRpYWxzLzEyMjUyMjk=&uuid=a796a056-86c3-11f1-9376-d517205a12cc&vid=&g=b,469,0,0
1.78483E+12,469,HTTP Request- ECommerce-0,307,Temporary Redirect,Thread Group 1-5,text,TRUE,,1503,148,7,7,https://www.walmart.com/cp/dorm-room-essentials/1225229,469,0,0
1.78483E+12,619,HTTP Request- ECommerce,200,OK,Thread Group 1-4,text,TRUE,,17443,372,7,7,https://www.walmart.com/blocked?url=L2NwL2Rvcm0tcm9vbS1lc3NlbnRpYWxzLzEyMjUyMjk=&uuid=a797a386-86c3-11f1-a6ac-9611e97f2b79&vid=&g=b,478,0,0
1.78483E+12,154,HTTP Request- ECommerce-1,200,OK,Thread Group 1-5,text,TRUE,,15940,224,7,7,https://www.walmart.com/blocked?url=L2NwL2Rvcm0tcm9vbS1lc3NlbnRpYWxzLzEyMjUyMjk=&uuid=a796a056-86c3-11f1-9376-d517205a12cc&vid=&g=b,154,0,0
1.78483E+12,478,HTTP Request- ECommerce-0,307,Temporary Redirect,Thread Group 1-4,text,TRUE,,1503,148,7,7,https://www.walmart.com/cp/dorm-room-essentials/1225229,478,0,0
1.78483E+12,140,HTTP Request- ECommerce-1,200,OK,Thread Group 1-4,text,TRUE,,15940,224,7,7,https://www.walmart.com/blocked?url=L2NwL2Rvcm0tcm9vbS1lc3NlbnRpYWxzLzEyMjUyMjk=&uuid=a797a386-86c3-11f1-a6ac-9611e97f2b79&vid=&g=b,140,0,0
1.78483E+12,730,HTTP Request- ECommerce,200,OK,Thread Group 1-7,text,TRUE,,17445,372,7,7,https://www.walmart.com/blocked?url=L2NwL2Rvcm0tcm9vbS1lc3NlbnRpYWxzLzEyMjUyMjk=&uuid=a78b97fa-86c3-11f1-8fb6-9d40ddde3e5f&vid=&g=b,576,0,0
1.78483E+12,576,HTTP Request- ECommerce-0,307,Temporary Redirect,Thread Group 1-7,text,TRUE,,1505,148,7,7,https://www.walmart.com/cp/dorm-room-essentials/1225229,576,0,0
1.78483E+12,154,HTTP Request- ECommerce-1,200,OK,Thread Group 1-7,text,TRUE,,15940,224,7,7,https://www.walmart.com/blocked?url=L2NwL2Rvcm0tcm9vbS1lc3NlbnRpYWxzLzEyMjUyMjk=&uuid=a78b97fa-86c3-11f1-8fb6-9d40ddde3e5f&vid=&g=b,154,0,0
1.78483E+12,510,HTTP Request- ECommerce,200,OK,Thread Group 1-2,text,TRUE,,17445,372,7,7,https://www.walmart.com/blocked?url=L2NwL2Rvcm0tcm9vbS1lc3NlbnRpYWxzLzEyMjUyMjk=&uuid=a7b0e88d-86c3-11f1-a291-2a2ecab5da3b&vid=&g=b,423,0,0
1.78483E+12,423,HTTP Request- ECommerce-0,307,Temporary Redirect,Thread Group 1-2,text,TRUE,,1504,148,7,7,https://www.walmart.com/cp/dorm-room-essentials/1225229,423,0,0
1.78483E+12,87,HTTP Request- ECommerce-1,200,OK,Thread Group 1-2,text,TRUE,,15941,224,7,7,https://www.walmart.com/blocked?url=L2NwL2Rvcm0tcm9vbS1lc3NlbnRpYWxzLzEyMjUyMjk=&uuid=a7b0e88d-86c3-11f1-a291-2a2ecab5da3b&vid=&g=b,87,0,0
1.78483E+12,511,HTTP Request- ECommerce,200,OK,Thread Group 1-1,text,TRUE,,17444,372,7,7,https://www.walmart.com/blocked?url=L2NwL2Rvcm0tcm9vbS1lc3NlbnRpYWxzLzEyMjUyMjk=&uuid=a7c11d38-86c3-11f1-85bf-36a49ffd4b1b&vid=&g=b,418,0,0
1.78483E+12,419,HTTP Request- ECommerce-0,307,Temporary Redirect,Thread Group 1-1,text,TRUE,,1503,148,7,7,https://www.walmart.com/cp/dorm-room-essentials/1225229,418,0,0
1.78483E+12,91,HTTP Request- ECommerce-1,200,OK,Thread Group 1-1,text,TRUE,,15941,224,7,7,https://www.walmart.com/blocked?url=L2NwL2Rvcm0tcm9vbS1lc3NlbnRpYWxzLzEyMjUyMjk=&uuid=a7c11d38-86c3-11f1-85bf-36a49ffd4b1b&vid=&g=b,91,0,0
1.78483E+12,603,HTTP Request- ECommerce,200,OK,Thread Group 1-4,text,TRUE,,17443,372,6,6,https://www.walmart.com/blocked?url=L2NwL2Rvcm0tcm9vbS1lc3NlbnRpYWxzLzEyMjUyMjk=&uuid=a7f784da-86c3-11f1-94be-d517205a12cc&vid=&g=b,509,0,0
1.78483E+12,509,HTTP Request- ECommerce-0,307,Temporary Redirect,Thread Group 1-4,text,TRUE,,1503,148,6,6,https://www.walmart.com/cp/dorm-room-essentials/1225229,509,0,0
1.78483E+12,94,HTTP Request- ECommerce-1,200,OK,Thread Group 1-4,text,TRUE,,15940,224,6,6,https://www.walmart.com/blocked?url=L2NwL2Rvcm0tcm9vbS1lc3NlbnRpYWxzLzEyMjUyMjk=&uuid=a7f784da-86c3-11f1-94be-d517205a12cc&vid=&g=b,93,0,0
1.78483E+12,617,HTTP Request- ECommerce,200,OK,Thread Group 1-6,text,TRUE,,17445,372,6,6,https://www.walmart.com/blocked?url=L2NwL2Rvcm0tcm9vbS1lc3NlbnRpYWxzLzEyMjUyMjk=&uuid=a7f4437b-86c3-11f1-9d47-6ef0d0d1b4ba&vid=&g=b,516,0,0
1.78483E+12,516,HTTP Request- ECommerce-0,307,Temporary Redirect,Thread Group 1-6,text,TRUE,,1504,148,6,6,https://www.walmart.com/cp/dorm-room-essentials/1225229,516,0,0
1.78483E+12,100,HTTP Request- ECommerce-1,200,OK,Thread Group 1-6,text,TRUE,,15941,224,6,6,https://www.walmart.com/blocked?url=L2NwL2Rvcm0tcm9vbS1lc3NlbnRpYWxzLzEyMjUyMjk=&uuid=a7f4437b-86c3-11f1-9d47-6ef0d0d1b4ba&vid=&g=b,100,0,0
1.78483E+12,606,HTTP Request- ECommerce,200,OK,Thread Group 1-7,text,TRUE,,17445,372,6,6,https://www.walmart.com/blocked?url=L2NwL2Rvcm0tcm9vbS1lc3NlbnRpYWxzLzEyMjUyMjk=&uuid=a7f7a6a5-86c3-11f1-807a-43819138ab2d&vid=&g=b,503,0,0
1.78483E+12,503,HTTP Request- ECommerce-0,307,Temporary Redirect,Thread Group 1-7,text,TRUE,,1504,148,6,6,https://www.walmart.com/cp/dorm-room-essentials/1225229,503,0,0
1.78483E+12,102,HTTP Request- ECommerce-1,200,OK,Thread Group 1-7,text,TRUE,,15941,224,6,6,https://www.walmart.com/blocked?url=L2NwL2Rvcm0tcm9vbS1lc3NlbnRpYWxzLzEyMjUyMjk=&uuid=a7f7a6a5-86c3-11f1-807a-43819138ab2d&vid=&g=b,102,0,0
1.78483E+12,614,HTTP Request- ECommerce,200,OK,Thread Group 1-2,text,TRUE,,17445,372,6,6,https://www.walmart.com/blocked?url=L2NwL2Rvcm0tcm9vbS1lc3NlbnRpYWxzLzEyMjUyMjk=&uuid=a7ff54bf-86c3-11f1-b96e-7e93591bb36f&vid=&g=b,426,0,0
1.78483E+12,426,HTTP Request- ECommerce-0,307,Temporary Redirect,Thread Group 1-2,text,TRUE,,1503,148,6,6,https://www.walmart.com/cp/dorm-room-essentials/1225229,426,0,0
1.78483E+12,188,HTTP Request- ECommerce-1,200,OK,Thread Group 1-2,text,TRUE,,15942,224,6,6,https://www.walmart.com/blocked?url=L2NwL2Rvcm0tcm9vbS1lc3NlbnRpYWxzLzEyMjUyMjk=&uuid=a7ff54bf-86c3-11f1-b96e-7e93591bb36f&vid=&g=b,188,0,0
1.78483E+12,1219,HTTP Request- ECommerce,200,OK,Thread Group 1-3,text,TRUE,,17447,372,6,6,https://www.walmart.com/blocked?url=L2NwL2Rvcm0tcm9vbS1lc3NlbnRpYWxzLzEyMjUyMjk=&uuid=a7fa18dc-86c3-11f1-ad97-3f833bddef89&vid=&g=b,1013,0,0
1.78483E+12,1013,HTTP Request- ECommerce-0,307,Temporary Redirect,Thread Group 1-3,text,TRUE,,1504,148,6,6,https://www.walmart.com/cp/dorm-room-essentials/1225229,1013,0,0
1.78483E+12,206,HTTP Request- ECommerce-1,200,OK,Thread Group 1-3,text,TRUE,,15943,224,6,6,https://www.walmart.com/blocked?url=L2NwL2Rvcm0tcm9vbS1lc3NlbnRpYWxzLzEyMjUyMjk=&uuid=a7fa18dc-86c3-11f1-ad97-3f833bddef89&vid=&g=b,205,0,0
1.78483E+12,826,HTTP Request- ECommerce,200,OK,Thread Group 1-5,text,TRUE,,17448,372,6,6,https://www.walmart.com/blocked?url=L2NwL2Rvcm0tcm9vbS1lc3NlbnRpYWxzLzEyMjUyMjk=&uuid=a8082d82-86c3-11f1-9b2d-0eb9e962df2b&vid=&g=b,700,0,0
1.78483E+12,700,HTTP Request- ECommerce-0,307,Temporary Redirect,Thread Group 1-5,text,TRUE,,1504,148,6,6,https://www.walmart.com/cp/dorm-room-essentials/1225229,700,0,0
1.78483E+12,125,HTTP Request- ECommerce-1,200,OK,Thread Group 1-5,text,TRUE,,15944,224,6,6,https://www.walmart.com/blocked?url=L2NwL2Rvcm0tcm9vbS1lc3NlbnRpYWxzLzEyMjUyMjk=&uuid=a8082d82-86c3-11f1-9b2d-0eb9e962df2b&vid=&g=b,125,0,0
1.78483E+12,628,HTTP Request- ECommerce,200,OK,Thread Group 1-4,text,TRUE,,17443,372,6,6,https://www.walmart.com/blocked?url=L2NwL2Rvcm0tcm9vbS1lc3NlbnRpYWxzLzEyMjUyMjk=&uuid=a85402ae-86c3-11f1-affb-cbf977bc1a3d&vid=&g=b,510,0,0
1.78483E+12,510,HTTP Request- ECommerce-0,307,Temporary Redirect,Thread Group 1-4,text,TRUE,,1503,148,6,6,https://www.walmart.com/cp/dorm-room-essentials/1225229,510,0,0
1.78483E+12,117,HTTP Request- ECommerce-1,200,OK,Thread Group 1-4,text,TRUE,,15940,224,6,6,https://www.walmart.com/blocked?url=L2NwL2Rvcm0tcm9vbS1lc3NlbnRpYWxzLzEyMjUyMjk=&uuid=a85402ae-86c3-11f1-affb-cbf977bc1a3d&vid=&g=b,116,0,0
1.78483E+12,624,HTTP Request- ECommerce,200,OK,Thread Group 1-7,text,TRUE,,17444,372,6,6,https://www.walmart.com/blocked?url=L2NwL2Rvcm0tcm9vbS1lc3NlbnRpYWxzLzEyMjUyMjk=&uuid=a8520437-86c3-11f1-9e82-4fa90f9e72b4&vid=&g=b,506,0,0
1.78483E+12,506,HTTP Request- ECommerce-0,307,Temporary Redirect,Thread Group 1-7,text,TRUE,,1503,148,6,6,https://www.walmart.com/cp/dorm-room-essentials/1225229,506,0,0
1.78483E+12,117,HTTP Request- ECommerce-1,200,OK,Thread Group 1-7,text,TRUE,,15941,224,6,6,https://www.walmart.com/blocked?url=L2NwL2Rvcm0tcm9vbS1lc3NlbnRpYWxzLzEyMjUyMjk=&uuid=a8520437-86c3-11f1-9e82-4fa90f9e72b4&vid=&g=b,117,0,0
1.78483E+12,663,HTTP Request- ECommerce,200,OK,Thread Group 1-6,text,TRUE,,17445,372,6,6,https://www.walmart.com/blocked?url=L2NwL2Rvcm0tcm9vbS1lc3NlbnRpYWxzLzEyMjUyMjk=&uuid=a853ba0e-86c3-11f1-be24-63aa8acb7e96&vid=&g=b,506,0,0
1.78483E+12,506,HTTP Request- ECommerce-0,307,Temporary Redirect,Thread Group 1-6,text,TRUE,,1503,148,6,6,https://www.walmart.com/cp/dorm-room-essentials/1225229,506,0,0
1.78483E+12,156,HTTP Request- ECommerce-1,200,OK,Thread Group 1-6,text,TRUE,,15942,224,6,6,https://www.walmart.com/blocked?url=L2NwL2Rvcm0tcm9vbS1lc3NlbnRpYWxzLzEyMjUyMjk=&uuid=a853ba0e-86c3-11f1-be24-63aa8acb7e96&vid=&g=b,156,0,0
1.78483E+12,624,HTTP Request- ECommerce,200,OK,Thread Group 1-2,text,TRUE,,17445,372,6,6,https://www.walmart.com/blocked?url=L2NwL2Rvcm0tcm9vbS1lc3NlbnRpYWxzLzEyMjUyMjk=&uuid=a8610661-86c3-11f1-853f-e549a6eb46c9&vid=&g=b,510,0,0
1.78483E+12,511,HTTP Request- ECommerce-0,307,Temporary Redirect,Thread Group 1-2,text,TRUE,,1503,148,6,6,https://www.walmart.com/cp/dorm-room-essentials/1225229,510,0,0
1.78483E+12,113,HTTP Request- ECommerce-1,200,OK,Thread Group 1-2,text,TRUE,,15942,224,6,6,https://www.walmart.com/blocked?url=L2NwL2Rvcm0tcm9vbS1lc3NlbnRpYWxzLzEyMjUyMjk=&uuid=a8610661-86c3-11f1-853f-e549a6eb46c9&vid=&g=b,113,0,0
1.78483E+12,527,HTTP Request- ECommerce,200,OK,Thread Group 1-3,text,TRUE,,17444,372,5,5,https://www.walmart.com/blocked?url=L2NwL2Rvcm0tcm9vbS1lc3NlbnRpYWxzLzEyMjUyMjk=&uuid=a87184f1-86c3-11f1-a8df-4ea41c6ab088&vid=&g=b,455,0,0
1.78483E+12,455,HTTP Request- ECommerce-0,307,Temporary Redirect,Thread Group 1-3,text,TRUE,,1504,148,5,5,https://www.walmart.com/cp/dorm-room-essentials/1225229,455,0,0
1.78483E+12,71,HTTP Request- ECommerce-1,200,OK,Thread Group 1-3,text,TRUE,,15940,224,5,5,https://www.walmart.com/blocked?url=L2NwL2Rvcm0tcm9vbS1lc3NlbnRpYWxzLzEyMjUyMjk=&uuid=a87184f1-86c3-11f1-a8df-4ea41c6ab088&vid=&g=b,71,0,0
1.78483E+12,694,HTTP Request- ECommerce,200,OK,Thread Group 1-5,text,TRUE,,17444,372,5,5,https://www.walmart.com/blocked?url=L2NwL2Rvcm0tcm9vbS1lc3NlbnRpYWxzLzEyMjUyMjk=&uuid=a87f93b6-86c3-11f1-b85d-ce10fb54f315&vid=&g=b,588,0,0
1.78483E+12,588,HTTP Request- ECommerce-0,307,Temporary Redirect,Thread Group 1-5,text,TRUE,,1503,148,5,5,https://www.walmart.com/cp/dorm-room-essentials/1225229,588,0,0
1.78483E+12,106,HTTP Request- ECommerce-1,200,OK,Thread Group 1-5,text,TRUE,,15941,224,5,5,https://www.walmart.com/blocked?url=L2NwL2Rvcm0tcm9vbS1lc3NlbnRpYWxzLzEyMjUyMjk=&uuid=a87f93b6-86c3-11f1-b85d-ce10fb54f315&vid=&g=b,105,0,0
1.78483E+12,616,HTTP Request- ECommerce,200,OK,Thread Group 1-7,text,TRUE,,17443,372,5,5,https://www.walmart.com/blocked?url=L2NwL2Rvcm0tcm9vbS1lc3NlbnRpYWxzLzEyMjUyMjk=&uuid=a8ad8e1c-86c3-11f1-9064-f07e600f4f75&vid=&g=b,490,0,0
1.78483E+12,490,HTTP Request- ECommerce-0,307,Temporary Redirect,Thread Group 1-7,text,TRUE,,1503,148,5,5,https://www.walmart.com/cp/dorm-room-essentials/1225229,490,0,0
1.78483E+12,125,HTTP Request- ECommerce-1,200,OK,Thread Group 1-7,text,TRUE,,15940,224,5,5,https://www.walmart.com/blocked?url=L2NwL2Rvcm0tcm9vbS1lc3NlbnRpYWxzLzEyMjUyMjk=&uuid=a8ad8e1c-86c3-11f1-9064-f07e600f4f75&vid=&g=b,125,0,0
1.78483E+12,588,HTTP Request- ECommerce,200,OK,Thread Group 1-3,text,TRUE,,17443,372,5,5,https://www.walmart.com/blocked?url=L2NwL2Rvcm0tcm9vbS1lc3NlbnRpYWxzLzEyMjUyMjk=&uuid=a8bdc672-86c3-11f1-a808-c5d662cde29e&vid=&g=b,494,0,0
1.78483E+12,494,HTTP Request- ECommerce-0,307,Temporary Redirect,Thread Group 1-3,text,TRUE,,1503,148,5,5,https://www.walmart.com/cp/dorm-room-essentials/1225229,494,0,0
1.78483E+12,648,HTTP Request- ECommerce,200,OK,Thread Group 1-6,text,TRUE,,17444,372,5,5,https://www.walmart.com/blocked?url=L2NwL2Rvcm0tcm9vbS1lc3NlbnRpYWxzLzEyMjUyMjk=&uuid=a8ba2f17-86c3-11f1-a2d7-79131b6df355&vid=&g=b,554,0,0
1.78483E+12,93,HTTP Request- ECommerce-1,200,OK,Thread Group 1-3,text,TRUE,,15940,224,5,5,https://www.walmart.com/blocked?url=L2NwL2Rvcm0tcm9vbS1lc3NlbnRpYWxzLzEyMjUyMjk=&uuid=a8bdc672-86c3-11f1-a808-c5d662cde29e&vid=&g=b,93,0,0
1.78483E+12,554,HTTP Request- ECommerce-0,307,Temporary Redirect,Thread Group 1-6,text,TRUE,,1503,148,5,5,https://www.walmart.com/cp/dorm-room-essentials/1225229,554,0,0
1.78483E+12,93,HTTP Request- ECommerce-1,200,OK,Thread Group 1-6,text,TRUE,,15941,224,5,5,https://www.walmart.com/blocked?url=L2NwL2Rvcm0tcm9vbS1lc3NlbnRpYWxzLzEyMjUyMjk=&uuid=a8ba2f17-86c3-11f1-a2d7-79131b6df355&vid=&g=b,93,0,0
1.78483E+12,701,HTTP Request- ECommerce,200,OK,Thread Group 1-4,text,TRUE,,17444,372,5,5,https://www.walmart.com/blocked?url=L2NwL2Rvcm0tcm9vbS1lc3NlbnRpYWxzLzEyMjUyMjk=&uuid=a8b8335f-86c3-11f1-b14d-cbf977bc1a3d&vid=&g=b,594,0,0
1.78483E+12,594,HTTP Request- ECommerce-0,307,Temporary Redirect,Thread Group 1-4,text,TRUE,,1504,148,5,5,https://www.walmart.com/cp/dorm-room-essentials/1225229,594,0,0
1.78483E+12,106,HTTP Request- ECommerce-1,200,OK,Thread Group 1-4,text,TRUE,,15940,224,5,5,https://www.walmart.com/blocked?url=L2NwL2Rvcm0tcm9vbS1lc3NlbnRpYWxzLzEyMjUyMjk=&uuid=a8b8335f-86c3-11f1-b14d-cbf977bc1a3d&vid=&g=b,106,0,0
1.78483E+12,715,HTTP Request- ECommerce,200,OK,Thread Group 1-5,text,TRUE,,17446,372,5,5,https://www.walmart.com/blocked?url=L2NwL2Rvcm0tcm9vbS1lc3NlbnRpYWxzLzEyMjUyMjk=&uuid=a8dfc500-86c3-11f1-8aa7-f75fbc103fe6&vid=&g=b,534,0,0
1.78483E+12,534,HTTP Request- ECommerce-0,307,Temporary Redirect,Thread Group 1-5,text,TRUE,,1503,148,5,5,https://www.walmart.com/cp/dorm-room-essentials/1225229,534,0,0
1.78483E+12,181,HTTP Request- ECommerce-1,200,OK,Thread Group 1-5,text,TRUE,,15943,224,5,5,https://www.walmart.com/blocked?url=L2NwL2Rvcm0tcm9vbS1lc3NlbnRpYWxzLzEyMjUyMjk=&uuid=a8dfc500-86c3-11f1-8aa7-f75fbc103fe6&vid=&g=b,181,0,0
1.78483E+12,593,HTTP Request- ECommerce,200,OK,Thread Group 1-7,text,TRUE,,17444,372,5,5,https://www.walmart.com/blocked?url=L2NwL2Rvcm0tcm9vbS1lc3NlbnRpYWxzLzEyMjUyMjk=&uuid=a90e462b-86c3-11f1-bc7e-7e93591bb36f&vid=&g=b,491,0,0
1.78483E+12,491,HTTP Request- ECommerce-0,307,Temporary Redirect,Thread Group 1-7,text,TRUE,,1503,148,5,5,https://www.walmart.com/cp/dorm-room-essentials/1225229,491,0,0
1.78483E+12,102,HTTP Request- ECommerce-1,200,OK,Thread Group 1-7,text,TRUE,,15941,224,5,5,https://www.walmart.com/blocked?url=L2NwL2Rvcm0tcm9vbS1lc3NlbnRpYWxzLzEyMjUyMjk=&uuid=a90e462b-86c3-11f1-bc7e-7e93591bb36f&vid=&g=b,102,0,0
1.78483E+12,624,HTTP Request- ECommerce,200,OK,Thread Group 1-3,text,TRUE,,17445,372,5,5,https://www.walmart.com/blocked?url=L2NwL2Rvcm0tcm9vbS1lc3NlbnRpYWxzLzEyMjUyMjk=&uuid=a916a29b-86c3-11f1-9199-f07e600f4f75&vid=&g=b,420,0,0
1.78483E+12,420,HTTP Request- ECommerce-0,307,Temporary Redirect,Thread Group 1-3,text,TRUE,,1503,148,5,5,https://www.walmart.com/cp/dorm-room-essentials/1225229,420,0,0
1.78483E+12,204,HTTP Request- ECommerce-1,200,OK,Thread Group 1-3,text,TRUE,,15942,224,5,5,https://www.walmart.com/blocked?url=L2NwL2Rvcm0tcm9vbS1lc3NlbnRpYWxzLzEyMjUyMjk=&uuid=a916a29b-86c3-11f1-9199-f07e600f4f75&vid=&g=b,204,0,0
1.78483E+12,624,HTTP Request- ECommerce,200,OK,Thread Group 1-6,text,TRUE,,17444,372,5,5,https://www.walmart.com/blocked?url=L2NwL2Rvcm0tcm9vbS1lc3NlbnRpYWxzLzEyMjUyMjk=&uuid=a918bca0-86c3-11f1-8b1e-72e83b9b6109&vid=&g=b,522,0,0
1.78483E+12,522,HTTP Request- ECommerce-0,307,Temporary Redirect,Thread Group 1-6,text,TRUE,,1503,148,5,5,https://www.walmart.com/cp/dorm-room-essentials/1225229,522,0,0
1.78483E+12,102,HTTP Request- ECommerce-1,200,OK,Thread Group 1-6,text,TRUE,,15941,224,5,5,https://www.walmart.com/blocked?url=L2NwL2Rvcm0tcm9vbS1lc3NlbnRpYWxzLzEyMjUyMjk=&uuid=a918bca0-86c3-11f1-8b1e-72e83b9b6109&vid=&g=b,102,0,0
1.78483E+12,713,HTTP Request- ECommerce,200,OK,Thread Group 1-4,text,TRUE,,17444,372,5,5,https://www.walmart.com/blocked?url=L2NwL2Rvcm0tcm9vbS1lc3NlbnRpYWxzLzEyMjUyMjk=&uuid=a919e09a-86c3-11f1-98a0-d517205a12cc&vid=&g=b,506,0,0
1.78483E+12,506,HTTP Request- ECommerce-0,307,Temporary Redirect,Thread Group 1-4,text,TRUE,,1503,148,5,5,https://www.walmart.com/cp/dorm-room-essentials/1225229,506,0,0
1.78483E+12,207,HTTP Request- ECommerce-1,200,OK,Thread Group 1-4,text,TRUE,,15941,224,5,5,https://www.walmart.com/blocked?url=L2NwL2Rvcm0tcm9vbS1lc3NlbnRpYWxzLzEyMjUyMjk=&uuid=a919e09a-86c3-11f1-98a0-d517205a12cc&vid=&g=b,207,0,0
1.78483E+12,614,HTTP Request- ECommerce,200,OK,Thread Group 1-7,text,TRUE,,17443,372,5,5,https://www.walmart.com/blocked?url=L2NwL2Rvcm0tcm9vbS1lc3NlbnRpYWxzLzEyMjUyMjk=&uuid=a96627bb-86c3-11f1-b6db-6d2f3abb6b7a&vid=&g=b,508,0,0
1.78483E+12,508,HTTP Request- ECommerce-0,307,Temporary Redirect,Thread Group 1-7,text,TRUE,,1503,148,5,5,https://www.walmart.com/cp/dorm-room-essentials/1225229,508,0,0
1.78483E+12,106,HTTP Request- ECommerce-1,200,OK,Thread Group 1-7,text,TRUE,,15940,224,5,5,https://www.walmart.com/blocked?url=L2NwL2Rvcm0tcm9vbS1lc3NlbnRpYWxzLzEyMjUyMjk=&uuid=a96627bb-86c3-11f1-b6db-6d2f3abb6b7a&vid=&g=b,106,0,0
1.78483E+12,920,HTTP Request- ECommerce,200,OK,Thread Group 1-5,text,TRUE,,17446,372,5,5,https://www.walmart.com/blocked?url=L2NwL2Rvcm0tcm9vbS1lc3NlbnRpYWxzLzEyMjUyMjk=&uuid=a971b547-86c3-11f1-bba7-ce10fb54f315&vid=&g=b,732,0,0
1.78483E+12,732,HTTP Request- ECommerce-0,307,Temporary Redirect,Thread Group 1-5,text,TRUE,,1504,148,5,5,https://www.walmart.com/cp/dorm-room-essentials/1225229,732,0,0
1.78483E+12,188,HTTP Request- ECommerce-1,200,OK,Thread Group 1-5,text,TRUE,,15942,224,5,5,https://www.walmart.com/blocked?url=L2NwL2Rvcm0tcm9vbS1lc3NlbnRpYWxzLzEyMjUyMjk=&uuid=a971b547-86c3-11f1-bba7-ce10fb54f315&vid=&g=b,188,0,0
1.78483E+12,614,HTTP Request- ECommerce,200,OK,Thread Group 1-6,text,TRUE,,17443,372,5,5,https://www.walmart.com/blocked?url=L2NwL2Rvcm0tcm9vbS1lc3NlbnRpYWxzLzEyMjUyMjk=&uuid=a97aace3-86c3-11f1-bd92-a44f80a18f54&vid=&g=b,508,0,0
1.78483E+12,508,HTTP Request- ECommerce-0,307,Temporary Redirect,Thread Group 1-6,text,TRUE,,1503,148,5,5,https://www.walmart.com/cp/dorm-room-essentials/1225229,508,0,0
1.78483E+12,105,HTTP Request- ECommerce-1,200,OK,Thread Group 1-6,text,TRUE,,15940,224,5,5,https://www.walmart.com/blocked?url=L2NwL2Rvcm0tcm9vbS1lc3NlbnRpYWxzLzEyMjUyMjk=&uuid=a97aace3-86c3-11f1-bd92-a44f80a18f54&vid=&g=b,105,0,0
1.78483E+12,818,HTTP Request- ECommerce,200,OK,Thread Group 1-3,text,TRUE,,17443,372,5,5,https://www.walmart.com/blocked?url=L2NwL2Rvcm0tcm9vbS1lc3NlbnRpYWxzLzEyMjUyMjk=&uuid=a98c05ac-86c3-11f1-947a-39675bfdbb63&vid=&g=b,612,0,0
1.78483E+12,612,HTTP Request- ECommerce-0,307,Temporary Redirect,Thread Group 1-3,text,TRUE,,1503,148,5,5,https://www.walmart.com/cp/dorm-room-essentials/1225229,612,0,0
1.78483E+12,206,HTTP Request- ECommerce-1,200,OK,Thread Group 1-3,text,TRUE,,15940,224,5,5,https://www.walmart.com/blocked?url=L2NwL2Rvcm0tcm9vbS1lc3NlbnRpYWxzLzEyMjUyMjk=&uuid=a98c05ac-86c3-11f1-947a-39675bfdbb63&vid=&g=b,206,0,0
1.78483E+12,817,HTTP Request- ECommerce,200,OK,Thread Group 1-4,text,TRUE,,17444,372,4,4,https://www.walmart.com/blocked?url=L2NwL2Rvcm0tcm9vbS1lc3NlbnRpYWxzLzEyMjUyMjk=&uuid=a98ebb16-86c3-11f1-912c-f6a38a2f8cf3&vid=&g=b,610,0,0
1.78483E+12,610,HTTP Request- ECommerce-0,307,Temporary Redirect,Thread Group 1-4,text,TRUE,,1503,148,4,4,https://www.walmart.com/cp/dorm-room-essentials/1225229,610,0,0
1.78483E+12,206,HTTP Request- ECommerce-1,200,OK,Thread Group 1-4,text,TRUE,,15941,224,4,4,https://www.walmart.com/blocked?url=L2NwL2Rvcm0tcm9vbS1lc3NlbnRpYWxzLzEyMjUyMjk=&uuid=a98ebb16-86c3-11f1-912c-f6a38a2f8cf3&vid=&g=b,206,0,0
1.78483E+12,625,HTTP Request- ECommerce,200,OK,Thread Group 1-7,text,TRUE,,17443,372,4,4,https://www.walmart.com/blocked?url=L2NwL2Rvcm0tcm9vbS1lc3NlbnRpYWxzLzEyMjUyMjk=&uuid=a9c82e66-86c3-11f1-895f-e549a6eb46c9&vid=&g=b,508,0,0
1.78483E+12,508,HTTP Request- ECommerce-0,307,Temporary Redirect,Thread Group 1-7,text,TRUE,,1503,148,4,4,https://www.walmart.com/cp/dorm-room-essentials/1225229,508,0,0
1.78483E+12,117,HTTP Request- ECommerce-1,200,OK,Thread Group 1-7,text,TRUE,,15940,224,4,4,https://www.walmart.com/blocked?url=L2NwL2Rvcm0tcm9vbS1lc3NlbnRpYWxzLzEyMjUyMjk=&uuid=a9c82e66-86c3-11f1-895f-e549a6eb46c9&vid=&g=b,117,0,0
1.78483E+12,613,HTTP Request- ECommerce,200,OK,Thread Group 1-6,text,TRUE,,17443,372,4,4,https://www.walmart.com/blocked?url=L2NwL2Rvcm0tcm9vbS1lc3NlbnRpYWxzLzEyMjUyMjk=&uuid=a9d8eaef-86c3-11f1-8367-c055ab89b173&vid=&g=b,508,0,0
1.78483E+12,508,HTTP Request- ECommerce-0,307,Temporary Redirect,Thread Group 1-6,text,TRUE,,1503,148,4,4,https://www.walmart.com/cp/dorm-room-essentials/1225229,508,0,0
1.78483E+12,105,HTTP Request- ECommerce-1,200,OK,Thread Group 1-6,text,TRUE,,15940,224,4,4,https://www.walmart.com/blocked?url=L2NwL2Rvcm0tcm9vbS1lc3NlbnRpYWxzLzEyMjUyMjk=&uuid=a9d8eaef-86c3-11f1-8367-c055ab89b173&vid=&g=b,105,0,0
1.78483E+12,742,HTTP Request- ECommerce,200,OK,Thread Group 1-5,text,TRUE,,17443,372,4,4,https://www.walmart.com/blocked?url=L2NwL2Rvcm0tcm9vbS1lc3NlbnRpYWxzLzEyMjUyMjk=&uuid=a9e00dd7-86c3-11f1-baf3-83bb1239deb3&vid=&g=b,613,0,0
1.78483E+12,614,HTTP Request- ECommerce-0,307,Temporary Redirect,Thread Group 1-5,text,TRUE,,1503,148,4,4,https://www.walmart.com/cp/dorm-room-essentials/1225229,613,0,0
1.78483E+12,128,HTTP Request- ECommerce-1,200,OK,Thread Group 1-5,text,TRUE,,15940,224,4,4,https://www.walmart.com/blocked?url=L2NwL2Rvcm0tcm9vbS1lc3NlbnRpYWxzLzEyMjUyMjk=&uuid=a9e00dd7-86c3-11f1-baf3-83bb1239deb3&vid=&g=b,128,0,0
1.78483E+12,720,HTTP Request- ECommerce,200,OK,Thread Group 1-4,text,TRUE,,17446,372,4,4,https://www.walmart.com/blocked?url=L2NwL2Rvcm0tcm9vbS1lc3NlbnRpYWxzLzEyMjUyMjk=&uuid=aa0843a0-86c3-11f1-a473-6ef0d0d1b4ba&vid=&g=b,607,0,0
1.78483E+12,607,HTTP Request- ECommerce-0,307,Temporary Redirect,Thread Group 1-4,text,TRUE,,1503,148,4,4,https://www.walmart.com/cp/dorm-room-essentials/1225229,607,0,0
1.78483E+12,112,HTTP Request- ECommerce-1,200,OK,Thread Group 1-4,text,TRUE,,15943,224,4,4,https://www.walmart.com/blocked?url=L2NwL2Rvcm0tcm9vbS1lc3NlbnRpYWxzLzEyMjUyMjk=&uuid=aa0843a0-86c3-11f1-a473-6ef0d0d1b4ba&vid=&g=b,111,0,0
1.78483E+12,598,HTTP Request- ECommerce,200,OK,Thread Group 1-7,text,TRUE,,17444,372,3,3,https://www.walmart.com/blocked?url=L2NwL2Rvcm0tcm9vbS1lc3NlbnRpYWxzLzEyMjUyMjk=&uuid=aa275d84-86c3-11f1-8a85-e549a6eb46c9&vid=&g=b,497,0,0
1.78483E+12,497,HTTP Request- ECommerce-0,307,Temporary Redirect,Thread Group 1-7,text,TRUE,,1503,148,3,3,https://www.walmart.com/cp/dorm-room-essentials/1225229,497,0,0
1.78483E+12,101,HTTP Request- ECommerce-1,200,OK,Thread Group 1-7,text,TRUE,,15941,224,3,3,https://www.walmart.com/blocked?url=L2NwL2Rvcm0tcm9vbS1lc3NlbnRpYWxzLzEyMjUyMjk=&uuid=aa275d84-86c3-11f1-8a85-e549a6eb46c9&vid=&g=b,101,0,0
1.78483E+12,603,HTTP Request- ECommerce,200,OK,Thread Group 1-6,text,TRUE,,17444,372,3,3,https://www.walmart.com/blocked?url=L2NwL2Rvcm0tcm9vbS1lc3NlbnRpYWxzLzEyMjUyMjk=&uuid=aa34944f-86c3-11f1-a647-a1697b01b237&vid=&g=b,508,0,0
1.78483E+12,509,HTTP Request- ECommerce-0,307,Temporary Redirect,Thread Group 1-6,text,TRUE,,1503,148,3,3,https://www.walmart.com/cp/dorm-room-essentials/1225229,508,0,0
1.78483E+12,94,HTTP Request- ECommerce-1,200,OK,Thread Group 1-6,text,TRUE,,15941,224,3,3,https://www.walmart.com/blocked?url=L2NwL2Rvcm0tcm9vbS1lc3NlbnRpYWxzLzEyMjUyMjk=&uuid=aa34944f-86c3-11f1-a647-a1697b01b237&vid=&g=b,94,0,0
1.78483E+12,793,HTTP Request- ECommerce,200,OK,Thread Group 1-5,text,TRUE,,17445,372,3,3,https://www.walmart.com/blocked?url=L2NwL2Rvcm0tcm9vbS1lc3NlbnRpYWxzLzEyMjUyMjk=&uuid=aa4c61a6-86c3-11f1-95eb-c2ce2f8afebb&vid=&g=b,586,0,0
1.78483E+12,586,HTTP Request- ECommerce-0,307,Temporary Redirect,Thread Group 1-5,text,TRUE,,1503,148,3,3,https://www.walmart.com/cp/dorm-room-essentials/1225229,586,0,0
1.78483E+12,206,HTTP Request- ECommerce-1,200,OK,Thread Group 1-5,text,TRUE,,15942,224,3,3,https://www.walmart.com/blocked?url=L2NwL2Rvcm0tcm9vbS1lc3NlbnRpYWxzLzEyMjUyMjk=&uuid=aa4c61a6-86c3-11f1-95eb-c2ce2f8afebb&vid=&g=b,206,0,0
1.78483E+12,721,HTTP Request- ECommerce,200,OK,Thread Group 1-7,text,TRUE,,17443,372,3,3,https://www.walmart.com/blocked?url=L2NwL2Rvcm0tcm9vbS1lc3NlbnRpYWxzLzEyMjUyMjk=&uuid=aa800df9-86c3-11f1-935f-75f6a22c2fbc&vid=&g=b,510,0,0
1.78483E+12,510,HTTP Request- ECommerce-0,307,Temporary Redirect,Thread Group 1-7,text,TRUE,,1503,148,3,3,https://www.walmart.com/cp/dorm-room-essentials/1225229,510,0,0
1.78483E+12,210,HTTP Request- ECommerce-1,200,OK,Thread Group 1-7,text,TRUE,,15940,224,3,3,https://www.walmart.com/blocked?url=L2NwL2Rvcm0tcm9vbS1lc3NlbnRpYWxzLzEyMjUyMjk=&uuid=aa800df9-86c3-11f1-935f-75f6a22c2fbc&vid=&g=b,209,0,0
1.78483E+12,726,HTTP Request- ECommerce,200,OK,Thread Group 1-6,text,TRUE,,17443,372,3,3,https://www.walmart.com/blocked?url=L2NwL2Rvcm0tcm9vbS1lc3NlbnRpYWxzLzEyMjUyMjk=&uuid=aa8f2d5c-86c3-11f1-85df-63aa8acb7e96&vid=&g=b,621,0,0
1.78483E+12,621,HTTP Request- ECommerce-0,307,Temporary Redirect,Thread Group 1-6,text,TRUE,,1503,148,3,3,https://www.walmart.com/cp/dorm-room-essentials/1225229,621,0,0
1.78483E+12,104,HTTP Request- ECommerce-1,200,OK,Thread Group 1-6,text,TRUE,,15940,224,3,3,https://www.walmart.com/blocked?url=L2NwL2Rvcm0tcm9vbS1lc3NlbnRpYWxzLzEyMjUyMjk=&uuid=aa8f2d5c-86c3-11f1-85df-63aa8acb7e96&vid=&g=b,104,0,0
1.78483E+12,715,HTTP Request- ECommerce,200,OK,Thread Group 1-5,text,TRUE,,17444,372,3,3,https://www.walmart.com/blocked?url=L2NwL2Rvcm0tcm9vbS1lc3NlbnRpYWxzLzEyMjUyMjk=&uuid=aac6b4ff-86c3-11f1-b8aa-704d0039ae52&vid=&g=b,620,0,0
1.78483E+12,620,HTTP Request- ECommerce-0,307,Temporary Redirect,Thread Group 1-5,text,TRUE,,1503,148,3,3,https://www.walmart.com/cp/dorm-room-essentials/1225229,620,0,0
1.78483E+12,94,HTTP Request- ECommerce-1,200,OK,Thread Group 1-5,text,TRUE,,15941,224,3,3,https://www.walmart.com/blocked?url=L2NwL2Rvcm0tcm9vbS1lc3NlbnRpYWxzLzEyMjUyMjk=&uuid=aac6b4ff-86c3-11f1-b8aa-704d0039ae52&vid=&g=b,94,0,0
1.78483E+12,624,HTTP Request- ECommerce,200,OK,Thread Group 1-7,text,TRUE,,17445,372,3,3,https://www.walmart.com/blocked?url=L2NwL2Rvcm0tcm9vbS1lc3NlbnRpYWxzLzEyMjUyMjk=&uuid=aaf0a4f9-86c3-11f1-ae93-c5d662cde29e&vid=&g=b,506,0,0
1.78483E+12,506,HTTP Request- ECommerce-0,307,Temporary Redirect,Thread Group 1-7,text,TRUE,,1504,148,3,3,https://www.walmart.com/cp/dorm-room-essentials/1225229,506,0,0
1.78483E+12,117,HTTP Request- ECommerce-1,200,OK,Thread Group 1-7,text,TRUE,,15941,224,3,3,https://www.walmart.com/blocked?url=L2NwL2Rvcm0tcm9vbS1lc3NlbnRpYWxzLzEyMjUyMjk=&uuid=aaf0a4f9-86c3-11f1-ae93-c5d662cde29e&vid=&g=b,117,0,0
1.78483E+12,612,HTTP Request- ECommerce,200,OK,Thread Group 1-6,text,TRUE,,17443,372,3,3,https://www.walmart.com/blocked?url=L2NwL2Rvcm0tcm9vbS1lc3NlbnRpYWxzLzEyMjUyMjk=&uuid=ab01d52d-86c3-11f1-98f9-e8cb5b507923&vid=&g=b,511,0,0
1.78483E+12,511,HTTP Request- ECommerce-0,307,Temporary Redirect,Thread Group 1-6,text,TRUE,,1503,148,3,3,https://www.walmart.com/cp/dorm-room-essentials/1225229,511,0,0
1.78483E+12,101,HTTP Request- ECommerce-1,200,OK,Thread Group 1-6,text,TRUE,,15940,224,3,3,https://www.walmart.com/blocked?url=L2NwL2Rvcm0tcm9vbS1lc3NlbnRpYWxzLzEyMjUyMjk=&uuid=ab01d52d-86c3-11f1-98f9-e8cb5b507923&vid=&g=b,101,0,0
1.78483E+12,760,HTTP Request- ECommerce,200,OK,Thread Group 1-5,text,TRUE,,17444,372,3,3,https://www.walmart.com/blocked?url=L2NwL2Rvcm0tcm9vbS1lc3NlbnRpYWxzLzEyMjUyMjk=&uuid=ab306906-86c3-11f1-bf5d-83bb1239deb3&vid=&g=b,513,0,0
1.78483E+12,513,HTTP Request- ECommerce-0,307,Temporary Redirect,Thread Group 1-5,text,TRUE,,1503,148,3,3,https://www.walmart.com/cp/dorm-room-essentials/1225229,513,0,0
1.78483E+12,246,HTTP Request- ECommerce-1,200,OK,Thread Group 1-5,text,TRUE,,15941,224,3,3,https://www.walmart.com/blocked?url=L2NwL2Rvcm0tcm9vbS1lc3NlbnRpYWxzLzEyMjUyMjk=&uuid=ab306906-86c3-11f1-bf5d-83bb1239deb3&vid=&g=b,246,0,0
1.78483E+12,1025,HTTP Request- ECommerce,200,OK,Thread Group 1-6,text,TRUE,,17446,372,2,2,https://www.walmart.com/blocked?url=L2NwL2Rvcm0tcm9vbS1lc3NlbnRpYWxzLzEyMjUyMjk=&uuid=ab93d2e9-86c3-11f1-a260-fdd7fad70126&vid=&g=b,919,0,0
1.78483E+12,919,HTTP Request- ECommerce-0,307,Temporary Redirect,Thread Group 1-6,text,TRUE,,1504,148,2,2,https://www.walmart.com/cp/dorm-room-essentials/1225229,919,0,0
1.78483E+12,106,HTTP Request- ECommerce-1,200,OK,Thread Group 1-6,text,TRUE,,15942,224,2,2,https://www.walmart.com/blocked?url=L2NwL2Rvcm0tcm9vbS1lc3NlbnRpYWxzLzEyMjUyMjk=&uuid=ab93d2e9-86c3-11f1-a260-fdd7fad70126&vid=&g=b,106,0,0
1.78483E+12,1335,HTTP Request- ECommerce,200,OK,Thread Group 1-7,text,TRUE,,17449,372,2,2,https://www.walmart.com/blocked?url=L2NwL2Rvcm0tcm9vbS1lc3NlbnRpYWxzLzEyMjUyMjk=&uuid=abc25996-86c3-11f1-8f34-e549a6eb46c9&vid=&g=b,1212,0,0
1.78483E+12,1212,HTTP Request- ECommerce-0,307,Temporary Redirect,Thread Group 1-7,text,TRUE,,1507,148,2,2,https://www.walmart.com/cp/dorm-room-essentials/1225229,1212,0,0
1.78483E+12,122,HTTP Request- ECommerce-1,200,OK,Thread Group 1-7,text,TRUE,,15942,224,2,2,https://www.walmart.com/blocked?url=L2NwL2Rvcm0tcm9vbS1lc3NlbnRpYWxzLzEyMjUyMjk=&uuid=abc25996-86c3-11f1-8f34-e549a6eb46c9&vid=&g=b,122,0,0
1.78483E+12,724,HTTP Request- ECommerce,200,OK,Thread Group 1-6,text,TRUE,,17446,372,2,2,https://www.walmart.com/blocked?url=L2NwL2Rvcm0tcm9vbS1lc3NlbnRpYWxzLzEyMjUyMjk=&uuid=abfa2b8b-86c3-11f1-841b-ce10fb54f315&vid=&g=b,507,0,0
1.78483E+12,507,HTTP Request- ECommerce-0,307,Temporary Redirect,Thread Group 1-6,text,TRUE,,1504,148,2,2,https://www.walmart.com/cp/dorm-room-essentials/1225229,507,0,0
1.78483E+12,216,HTTP Request- ECommerce-1,200,OK,Thread Group 1-6,text,TRUE,,15942,224,2,2,https://www.walmart.com/blocked?url=L2NwL2Rvcm0tcm9vbS1lc3NlbnRpYWxzLzEyMjUyMjk=&uuid=abfa2b8b-86c3-11f1-841b-ce10fb54f315&vid=&g=b,216,0,0
1.78483E+12,596,HTTP Request- ECommerce,200,OK,Thread Group 1-7,text,TRUE,,17444,372,1,1,https://www.walmart.com/blocked?url=L2NwL2Rvcm0tcm9vbS1lc3NlbnRpYWxzLzEyMjUyMjk=&uuid=ac1d59ae-86c3-11f1-858c-7e93591bb36f&vid=&g=b,455,0,0
1.78483E+12,455,HTTP Request- ECommerce-0,307,Temporary Redirect,Thread Group 1-7,text,TRUE,,1503,148,1,1,https://www.walmart.com/cp/dorm-room-essentials/1225229,455,0,0
1.78483E+12,140,HTTP Request- ECommerce-1,200,OK,Thread Group 1-7,text,TRUE,,15941,224,1,1,https://www.walmart.com/blocked?url=L2NwL2Rvcm0tcm9vbS1lc3NlbnRpYWxzLzEyMjUyMjk=&uuid=ac1d59ae-86c3-11f1-858c-7e93591bb36f&vid=&g=b,140,0,0
1.78483E+12,830,HTTP Request- ECommerce,200,OK,Thread Group 1-7,text,TRUE,,17443,372,1,1,https://www.walmart.com/blocked?url=L2NwL2Rvcm0tcm9vbS1lc3NlbnRpYWxzLzEyMjUyMjk=&uuid=ac754035-86c3-11f1-a980-5db0f5a2e642&vid=&g=b,709,0,0
1.78483E+12,709,HTTP Request- ECommerce-0,307,Temporary Redirect,Thread Group 1-7,text,TRUE,,1503,148,1,1,https://www.walmart.com/cp/dorm-room-essentials/1225229,709,0,0
1.78483E+12,121,HTTP Request- ECommerce-1,200,OK,Thread Group 1-7,text,TRUE,,15940,224,1,1,https://www.walmart.com/blocked?url=L2NwL2Rvcm0tcm9vbS1lc3NlbnRpYWxzLzEyMjUyMjk=&uuid=ac754035-86c3-11f1-a980-5db0f5a2e642&vid=&g=b,121,0,0
1.78483E+12,705,HTTP Request- ECommerce,200,OK,Thread Group 1-7,text,TRUE,,17444,372,1,1,https://www.walmart.com/blocked?url=L2NwL2Rvcm0tcm9vbS1lc3NlbnRpYWxzLzEyMjUyMjk=&uuid=acf389da-86c3-11f1-b61a-4ea41c6ab088&vid=&g=b,600,0,0
1.78483E+12,600,HTTP Request- ECommerce-0,307,Temporary Redirect,Thread Group 1-7,text,TRUE,,1503,148,1,1,https://www.walmart.com/cp/dorm-room-essentials/1225229,600,0,0
1.78483E+12,102,HTTP Request- ECommerce-1,200,OK,Thread Group 1-7,text,TRUE,,15941,224,1,1,https://www.walmart.com/blocked?url=L2NwL2Rvcm0tcm9vbS1lc3NlbnRpYWxzLzEyMjUyMjk=&uuid=acf389da-86c3-11f1-b61a-4ea41c6ab088&vid=&g=b,102,0,0
